{
	"player1": "evilsama",
	"events": [],
	"gfVersion": "neurosama-alt",
	"notes": [
		{
			"sectionBeats": 4,
			"sectionNotes": [],
			"mustHitSection": true
		},
		{
			"sectionBeats": 4,
			"sectionNotes": [],
			"mustHitSection": true
		},
		{
			"sectionBeats": 4,
			"sectionNotes": [],
			"mustHitSection": true
		},
		{
			"sectionBeats": 4,
			"sectionNotes": [],
			"mustHitSection": true
		},
		{
			"sectionBeats": 4,
			"sectionNotes": [],
			"mustHitSection": true
		},
		{
			"sectionBeats": 4,
			"sectionNotes": [],
			"mustHitSection": true
		},
		{
			"sectionBeats": 4,
			"sectionNotes": [],
			"mustHitSection": true
		},
		{
			"sectionBeats": 4,
			"sectionNotes": [
				[9333.33333333333, 2, 416.666666666667, "GF Sing"],
				[10000, 0, 0],
				[10166.6666666667, 3, 0],
				[10333.3333333333, 2, 0]
			],
			"mustHitSection": true
		},
		{
			"sectionBeats": 4,
			"sectionNotes": [
				[10666.667, 6, 0, ""],
				[11000, 4, 0, ""],
				[11166.667, 5, 0, ""],
				[11333.334, 6, 0, ""],
				[11666.667, 4, 0, ""],
				[11833.334, 7, 0, ""]
			],
			"mustHitSection": false
		},
		{
			"sectionBeats": 4,
			"sectionNotes": [
				[12000, 6, 0, ""],
				[12166.667, 7, 0, ""],
				[12333.334, 4, 0, ""],
				[12500, 5, 0, ""],
				[12666.667, 6, 0, ""],
				[13000, 4, 0, ""],
				[13000, 3, 0, "GF Sing"],
				[13166.6666666667, 3, 0, "GF Sing"],
				[13166.667, 7, 0, ""],
				[13250, 3, 0, "GF Sing"]
			],
			"mustHitSection": false
		},
		{
			"sectionBeats": 4,
			"sectionNotes": [
				[13333.3333333333, 1, 0, "GF Sing"],
				[13500, 0, 0, "GF Sing"],
				[13666.6666666667, 2, 0, "GF Sing"],
				[13833.3333333333, 1, 0, "GF Sing"],
				[14000, 3, 0, "GF Sing"],
				[14333.334, 0, 0, "GF Sing"],
				[14500, 3, 0, "GF Sing"]
			],
			"mustHitSection": true
		},
		{
			"sectionBeats": 4,
			"sectionNotes": [
				[14666.667, 2, 0, "GF Sing"],
				[14833.334, 3, 0, "GF Sing"],
				[15000, 0, 0, "GF Sing"],
				[15166.667, 1, 0, "GF Sing"],
				[15333.334, 2, 0, "GF Sing"],
				[15666.6666666667, 1, 0, "GF Sing"]
			],
			"mustHitSection": true
		},
		{
			"sectionBeats": 4,
			"sectionNotes": [
				[16000, 5, 0, ""],
				[16000, 0, 666.666666666667, "GF Sing"],
				[16333.334, 4, 0, ""],
				[16500, 7, 0, ""],
				[16666.668, 5, 0, ""],
				[17000, 6, 0, ""],
				[17000, 2, 583.333333333333, "GF Sing"]
			],
			"mustHitSection": false
		},
		{
			"sectionBeats": 4,
			"sectionNotes": [
				[17333.334, 5, 0, ""],
				[17666.6666666667, 1, 0, "GF Sing"],
				[17666.668, 4, 0, ""],
				[17833.334, 4, 0, ""],
				[18000, 7, 0, ""],
				[18000, 3, 0, "GF Sing"],
				[18083.3333333333, 2, 250, "GF Sing"],
				[18166.668, 7, 0, ""],
				[18333.3333333333, 0, 0, "GF Sing"],
				[18333.334, 7, 0, ""],
				[18500, 7, 0, ""]
			],
			"mustHitSection": false
		},
		{
			"sectionBeats": 4,
			"sectionNotes": [
				[18666.6666666667, 2, 333.333333333333],
				[19000, 3, 0],
				[19166.6666666667, 0, 0],
				[19333.3333333333, 1, 0],
				[19666.6666666667, 2, 0]
			],
			"mustHitSection": true
		},
		{
			"sectionBeats": 4,
			"sectionNotes": [
				[20000, 0, 0],
				[20333.3333333333, 3, 0],
				[20500, 2, 0],
				[20666.6666666667, 3, 0],
				[20833.3333333333, 0, 0],
				[21000, 2, 0],
				[21166.6666666667, 1, 0]
			],
			"mustHitSection": true
		},
		{
			"sectionBeats": 4,
			"sectionNotes": [
				[21333.3333333333, 0, 0],
				[21666.668, 6, 0, ""],
				[21833.334, 5, 0, ""],
				[22000, 7, 0, ""],
				[22166.6666666667, 0, 0],
				[22333.3333333333, 1, 0],
				[22500, 0, 0]
			],
			"mustHitSection": false
		},
		{
			"sectionBeats": 4,
			"sectionNotes": [
				[22666.6666666667, 1, 0, ""],
				[22833.334, 5, 0, ""],
				[23000, 3, 0],
				[23000, 7, 0, ""],
				[23333.3333333333, 1, 0],
				[23333.334, 4, 0, ""],
				[23666.6666666667, 0, 0]
			],
			"mustHitSection": false
		},
		{
			"sectionBeats": 4,
			"sectionNotes": [
				[24000, 3, 0],
				[24333.334, 6, 0, ""],
				[24500, 2, 0],
				[24666.6666666667, 3, 0],
				[24666.668, 5, 0, ""],
				[24833.3333333333, 3, 0],
				[25000, 2, 0],
				[25000, 4, 0, ""],
				[25166.668, 5, 0, ""]
			],
			"mustHitSection": false
		},
		{
			"sectionBeats": 4,
			"sectionNotes": [
				[25333.334, 6, 0, ""],
				[25500, 7, 0, ""],
				[25666.6666666667, 1, 0],
				[25666.668, 4, 0, ""],
				[25833.334, 7, 0, ""],
				[26000, 0, 0],
				[26000, 6, 0, ""],
				[26083.3333333333, 2, 0],
				[26166.6666666667, 3, 0],
				[26333.3333333333, 2, 0]
			],
			"mustHitSection": false
		},
		{
			"sectionBeats": 4,
			"sectionNotes": [
				[26666.6666666667, 3, 333.333333333333, ""],
				[27000, 2, 0],
				[27000, 5, 0, "GF Sing"],
				[27166.6666666667, 1, 0],
				[27166.6666666667, 7, 0, "GF Sing"],
				[27333.3333333333, 0, 0, "GF Sing"]
			],
			"mustHitSection": true
		},
		{
			"sectionBeats": 4,
			"sectionNotes": [
				[28166.6666666667, 3, 0, "GF Sing"],
				[28333.3333333333, 1, 0, "GF Sing"],
				[28666.6666666667, 2, 0, "GF Sing"],
				[29000, 0, 0, "GF Sing"],
				[29166.6666666667, 3, 0, "GF Sing"],
				[29250, 3, 0, "GF Sing"]
			],
			"mustHitSection": true
		},
		{
			"sectionBeats": 4,
			"sectionNotes": [
				[29333.3333333333, 1, 0, "GF Sing"],
				[29500, 2, 0, "GF Sing"],
				[29666.6666666667, 1, 0, "GF Sing"],
				[29833.3333333333, 0, 83.3333333333333, "GF Sing"],
				[29916.6666666667, 0, 0, "GF Sing"],
				[30000, 1, 0, "GF Sing"],
				[30166.6666666667, 3, 0, "GF Sing"],
				[30250, 2, 0, "GF Sing"],
				[30333.3333333333, 1, 0, "GF Sing"],
				[30500, 2, 0, "GF Sing"]
			],
			"mustHitSection": true
		},
		{
			"sectionBeats": 4,
			"sectionNotes": [
				[30666.6666666667, 3, 0, "GF Sing"],
				[30833.3333333333, 2, 0, "GF Sing"],
				[31000, 1, 0, "GF Sing"],
				[31166.6666666667, 0, 0, "GF Sing"],
				[31333.3333333333, 2, 666.666666666667, "GF Sing"]
			],
			"mustHitSection": true
		},
		{
			"sectionBeats": 4,
			"sectionNotes": [
				[32000, 5, 0],
				[32166.668, 4, 0, ""],
				[32333.334, 7, 0, ""],
				[32500.002, 6, 0, ""],
				[32666.668, 5, 0, ""],
				[33000, 4, 0, ""]
			],
			"mustHitSection": false
		},
		{
			"sectionBeats": 4,
			"sectionNotes": [
				[33500, 6, 0, ""],
				[33666.668, 7, 0, ""],
				[33833.3359, 5, 0, ""],
				[34000, 6, 0, ""],
				[34333.3359, 4, 0, ""]
			],
			"mustHitSection": false
		},
		{
			"sectionBeats": 4,
			"sectionNotes": [
				[34666.668, 4, 0, ""],
				[35000, 5, 0, ""],
				[35333.3359, 7, 0, ""],
				[35666.668, 5, 0, ""]
			],
			"mustHitSection": false
		},
		{
			"sectionBeats": 4,
			"sectionNotes": [
				[36000, 6, 0, ""],
				[36333.3333333333, 0, 0, "GF Sing"],
				[36333.3359, 7, 0, ""],
				[36666.6666666667, 1, 0, "GF Sing"],
				[36666.668, 5, 0, ""],
				[37000, 0, 0, "GF Sing"]
			],
			"mustHitSection": false
		},
		{
			"sectionBeats": 4,
			"sectionNotes": [
				[37333.3333333333, 3, 0, "GF Sing"],
				[37500, 0, 0, "GF Sing"],
				[37500, 5, 0, ""],
				[37666.6666666667, 3, 0, "GF Sing"],
				[37666.668, 7, 0, ""],
				[37833.3333333333, 2, 0, "GF Sing"],
				[37833.3359, 6, 0, ""],
				[38000, 0, 0, "GF Sing"],
				[38000, 4, 0, ""],
				[38166.6666666667, 2, 0, "GF Sing"],
				[38166.668, 6, 0, ""],
				[38333.3333333333, 1, 0, "GF Sing"],
				[38333.3359, 5, 0, ""]
			],
			"mustHitSection": false
		},
		{
			"sectionBeats": 4,
			"sectionNotes": [
				[38666.6666666667, 0, 0, "GF Sing"],
				[38750, 1, 0, "GF Sing"],
				[38833.3333333333, 3, 0, "GF Sing"],
				[38916.6666666667, 2, 0, "GF Sing"],
				[39000, 1, 0, "GF Sing"],
				[39166.6666666667, 0, 0, "GF Sing"],
				[39333.3333333333, 2, 0, "GF Sing"],
				[39500, 3, 0, "GF Sing"],
				[39666.6666666667, 1, 0, "GF Sing"]
			],
			"mustHitSection": false
		},
		{
			"sectionBeats": 4,
			"sectionNotes": [
				[40166.6666666667, 0, 0, "GF Sing"],
				[40333.3333333333, 1, 333.333333333333, "GF Sing"],
				[40666.6666666667, 2, 333.333333333333, "GF Sing"],
				[40833.3333333333, 7, 0],
				[41000, 5, 0, ""],
				[41000, 0, 333.333333333333, "GF Sing"],
				[41166.668, 7, 0, ""]
			],
			"mustHitSection": false
		},
		{
			"sectionBeats": 4,
			"sectionNotes": [
				[41333.3333333333, 3, 333.333333333333, "GF Sing"],
				[41333.3359, 4, 0, ""],
				[41500, 5, 0, ""],
				[41666.668, 4, 0, ""],
				[41666.668, 2, 333.333333333333, "GF Sing"],
				[41833.3359, 7, 0, ""],
				[42000, 6, 0, ""],
				[42000, 1, 333.333333333333, "GF Sing"],
				[42166.6666666667, 5, 0],
				[42333.3359, 7, 0, ""],
				[42333.3359, 0, 333.333333333333, "GF Sing"],
				[42500, 6, 0]
			],
			"mustHitSection": false
		},
		{
			"sectionBeats": 4,
			"sectionNotes": [
				[42666.6666666667, 7, 2666.66666666667, "GF Sing"],
				[42666.6666666667, 3, 333.333333333333, "GF Sing"],
				[43000, 1, 0],
				[43333.3333333333, 0, 0],
				[43666.6666666667, 2, 0]
			],
			"mustHitSection": true
		},
		{
			"sectionBeats": 4,
			"sectionNotes": [
				[44000, 3, 0],
				[44027.7777777778, 2, 0],
				[44333.3333333333, 3, 0],
				[44500, 1, 333.333333333333],
				[44833.3333333333, 0, 0],
				[45000, 1, 0],
				[45166.6666666667, 2, 0]
			],
			"mustHitSection": true
		},
		{
			"sectionBeats": 4,
			"sectionNotes": [
				[45333.3333333333, 3, 333.333333333333],
				[45666.6666666667, 0, 0],
				[45833.3333333333, 1, 0],
				[46166.6666666667, 2, 0],
				[46333.3333333333, 1, 0],
				[46500, 0, 0]
			],
			"mustHitSection": true
		},
		{
			"sectionBeats": 4,
			"sectionNotes": [
				[46666.6666666667, 3, 333.333333333333],
				[47000, 0, 333.333333333333],
				[47333.3333333333, 5, 0, ""],
				[47333.3333333333, 3, 333.333333333333],
				[47666.6666666667, 5, 0],
				[47666.6666666667, 1, 333.333333333333]
			],
			"mustHitSection": true
		},
		{
			"sectionBeats": 4,
			"sectionNotes": [
				[48000, 6, 0],
				[48000, 2, 1333.33333333333, ""],
				[48500, 5, 0, "GF Sing"],
				[48750, 4, 0, "GF Sing"],
				[48916.6666666667, 7, 0, "GF Sing"],
				[49083.3333333334, 6, 0, "GF Sing"]
			],
			"mustHitSection": true
		},
		{
			"sectionBeats": 4,
			"sectionNotes": [
				[49333.3333333334, 3, 833.333333333333],
				[50166.6666666667, 0, 0, "GF Sing"],
				[50333.3333333334, 2, 0, "GF Sing"],
				[50500, 3, 0, "GF Sing"]
			],
			"mustHitSection": true
		},
		{
			"sectionBeats": 4,
			"sectionNotes": [
				[50666.6666666667, 0, 0],
				[50666.6666666667, 6, 0, "GF Sing"],
				[50750, 1, 0, "GF Sing"],
				[50833.3333333334, 2, 0, "GF Sing"],
				[51000, 0, 0, "GF Sing"],
				[51166.6666666667, 3, 0, "GF Sing"],
				[51250, 2, 0, "GF Sing"],
				[51333.3333333334, 1, 0, "GF Sing"],
				[51416.6666666667, 2, 0, "GF Sing"],
				[51500, 0, 0, "GF Sing"],
				[51666.6666666667, 2, 0, "GF Sing"],
				[51833.3333333334, 1, 0, "GF Sing"],
				[51916.6666666667, 0, 0, "GF Sing"]
			],
			"mustHitSection": true
		},
		{
			"sectionBeats": 4,
			"sectionNotes": [
				[52000, 5, 0, "GF Sing"],
				[52000, 3, 0],
				[52166.6666666667, 2, 0, "GF Sing"],
				[52250, 0, 0, "GF Sing"],
				[52333.3333333334, 4, 0, "GF Sing"],
				[52333.3333333334, 1, 0],
				[52500, 3, 0, "GF Sing"],
				[52583.3333333334, 2, 0, "GF Sing"],
				[52666.6666666667, 6, 0, "GF Sing"],
				[52666.6666666667, 0, 0],
				[52833.3333333334, 1, 0, "GF Sing"],
				[53000, 5, 0, "GF Sing"],
				[53000, 2, 0],
				[53166.6666666667, 3, 0, "GF Sing"]
			],
			"mustHitSection": true
		},
		{
			"sectionBeats": 4,
			"sectionNotes": [
				[53333.3333333334, 2, 750, "GF Sing"],
				[53333.3359, 6, 0, ""],
				[53666.668, 4, 0, ""],
				[53833.3359, 5, 0, ""],
				[54000, 6, 0, ""],
				[54166.6666666667, 6, 0],
				[54333.3333333334, 0, 625, "GF Sing"],
				[54333.3359, 4, 0, ""],
				[54500, 7, 0, ""]
			],
			"mustHitSection": false
		},
		{
			"sectionBeats": 4,
			"sectionNotes": [
				[54666.668, 6, 0, ""],
				[54833.3359, 7, 0, ""],
				[55000, 4, 0, ""],
				[55000, 2, 208.333333333333, "GF Sing"],
				[55166.668, 5, 0, ""],
				[55333.3333333334, 1, 250, "GF Sing"],
				[55333.3359, 6, 0, ""],
				[55500, 5, 0],
				[55666.6666666667, 2, 0, "GF Sing"],
				[55666.668, 4, 0, ""],
				[55833.3359, 7, 0, ""]
			],
			"mustHitSection": false
		},
		{
			"sectionBeats": 4,
			"sectionNotes": [
				[56000, 5, 750, "GF Sing"],
				[56000, 3, 0],
				[56000, 6, 0],
				[56166.6666666667, 2, 0],
				[56333.3333333334, 0, 0],
				[56333.3333333334, 6, 0],
				[56500, 1, 0],
				[56666.6666666667, 7, 0],
				[56666.6666666667, 1, 0],
				[56833.3333333334, 2, 0],
				[57000, 3, 0],
				[57000, 5, 0],
				[57000, 6, 708.333333333333, "GF Sing"],
				[57027.7777777778, 2, 0],
				[57166.6666666667, 5, 0],
				[57166.6666666667, 0, 0]
			],
			"mustHitSection": true
		},
		{
			"sectionBeats": 4,
			"sectionNotes": [
				[57333.3333333334, 7, 0],
				[57333.3333333334, 3, 0],
				[57500, 2, 0],
				[57583.3333333334, 7, 0],
				[57666.6666666667, 0, 0],
				[57750, 7, 0, "GF Sing"],
				[57833.3333333334, 1, 0],
				[58000, 2, 333.333333333333],
				[58000, 6, 0],
				[58000, 4, 0, "GF Sing"],
				[58333.3333333334, 5, 0, "GF Sing"],
				[58333.3333333334, 4, 0],
				[58333.3333333334, 1, 0],
				[58500, 6, 0, ""],
				[58500, 0, 0],
				[58583.3333333334, 7, 0, ""]
			],
			"mustHitSection": true
		},
		{
			"sectionBeats": 4,
			"sectionNotes": [
				[58666.6666666667, 3, 750],
				[58666.668, 5, 0, ""],
				[59000, 4, 0, ""],
				[59166.668, 7, 0, ""],
				[59333.3359, 5, 0, ""],
				[59500, 7, 0],
				[59666.6666666667, 2, 666.666666666667],
				[59666.668, 6, 0, ""],
				[59833.3333333334, 4, 0]
			],
			"mustHitSection": false
		},
		{
			"sectionBeats": 4,
			"sectionNotes": [
				[60000, 5, 0, ""],
				[60333.3359, 4, 0, ""],
				[60416.6666666667, 1, 166.666666666667],
				[60444.4444444445, 3, 250],
				[60666.668, 7, 0, ""],
				[60750, 0, 333.333333333333],
				[60833.3333333334, 6, 0],
				[61000, 7, 0, ""],
				[61083.3333333334, 3, 250],
				[61166.6666666667, 4, 0]
			],
			"mustHitSection": false
		},
		{
			"sectionBeats": 4,
			"sectionNotes": [
				[61333.3333333334, 5, 0, "GF Sing"],
				[61333.3333333334, 6, 0],
				[61333.3333333334, 2, 250],
				[61666.6666666667, 0, 0, "GF Sing"],
				[61833.3333333334, 3, 0, "GF Sing"],
				[61916.6666666667, 5, 0],
				[62000, 3, 250, "GF Sing"],
				[62333.3333333334, 6, 0],
				[62333.3333333334, 4, 250, "GF Sing"],
				[62333.3333333334, 2, 250],
				[62500, 7, 0]
			],
			"mustHitSection": true
		},
		{
			"sectionBeats": 4,
			"sectionNotes": [
				[62666.6666666667, 1, 250, "GF Sing"],
				[62666.6666666667, 0, 250],
				[62666.668, 4, 0, ""],
				[62833.3359, 5, 0, ""],
				[63000, 6, 0, ""],
				[63000, 3, 0],
				[63000, 7, 0, "GF Sing"],
				[63166.6666666667, 3, 0, "GF Sing"],
				[63166.668, 7, 0, ""],
				[63333.3333333334, 2, 0],
				[63333.3333333334, 4, 0, "GF Sing"],
				[63333.3359, 6, 0, ""],
				[63500, 5, 0, ""],
				[63500, 0, 0, "GF Sing"],
				[63666.6666666667, 1, 0],
				[63666.6666666667, 7, 0, "GF Sing"],
				[63666.668, 4, 0, ""],
				[63833.3333333334, 3, 0],
				[63833.3359, 5, 333.333333333333, ""]
			],
			"mustHitSection": true
		},
		{
			"sectionBeats": 4,
			"sectionNotes": [
				[64000, 5, 333.333333333333, "GF Sing"],
				[64000, 2, 333.333333333333],
				[64333.3359, 6, 0, ""],
				[64500.0039, 5, 0, ""],
				[64666.668, 7, 0, ""],
				[64833.3333333334, 3, 0, "GF Sing"],
				[65000, 3, 0, "GF Sing"],
				[65166.6666666667, 3, 0, "GF Sing"]
			],
			"mustHitSection": false
		},
		{
			"sectionBeats": 4,
			"sectionNotes": [
				[65333.3333333334, 0, 166.666666666667, "GF Sing"],
				[65375, 1, 250, "GF Sing"],
				[65500.0039, 5, 0, ""],
				[65666.6666666667, 3, 0, "GF Sing"],
				[65666.67, 7, 0, ""],
				[66000, 4, 0, ""],
				[66000, 2, 250, "GF Sing"],
				[66333.3333333334, 3, 0, "GF Sing"]
			],
			"mustHitSection": false
		},
		{
			"sectionBeats": 4,
			"sectionNotes": [
				[66666.6666666667, 1, 416.666666666667, "GF Sing"],
				[67000, 6, 0, ""],
				[67166.6666666667, 0, 0, "GF Sing"],
				[67333.3333333334, 1, 0, "GF Sing"],
				[67333.3359, 5, 0, ""],
				[67500, 1, 0, "GF Sing"],
				[67666.6666666667, 3, 666.666666666667, "GF Sing"],
				[67666.67, 4, 0, ""],
				[67833.3359, 5, 0, ""]
			],
			"mustHitSection": false
		},
		{
			"sectionBeats": 4,
			"sectionNotes": [
				[68000, 6, 0, ""],
				[68166.67, 7, 0, ""],
				[68333.3333333334, 2, 333.333333333333, "GF Sing"],
				[68333.3359, 4, 0, ""],
				[68500, 7, 0, ""],
				[68666.6666666667, 0, 0, "GF Sing"],
				[68666.67, 6, 0, ""],
				[68750, 3, 0, "GF Sing"],
				[68833.3333333334, 1, 0, "GF Sing"],
				[69000, 2, 0, "GF Sing"]
			],
			"mustHitSection": false
		},
		{
			"sectionBeats": 4,
			"sectionNotes": [
				[69333.3333333334, 1, 0],
				[69500, 1, 0],
				[69666.6666666667, 0, 0],
				[69833.3333333334, 3, 0],
				[70000, 1, 291.666666666667],
				[70333.3333333334, 2, 291.666666666667]
			],
			"mustHitSection": true
		},
		{
			"sectionBeats": 4,
			"sectionNotes": [
				[70666.6666666667, 1, 0],
				[70833.3333333334, 0, 0],
				[71000, 1, 333.333333333333],
				[71333.3333333334, 2, 333.333333333333],
				[71666.6666666667, 3, 0],
				[71833.3333333334, 3, 0],
				[71916.6666666667, 3, 0]
			],
			"mustHitSection": true
		},
		{
			"sectionBeats": 4,
			"sectionNotes": [
				[72000, 1, 0],
				[72166.6666666667, 2, 0],
				[72333.3333333334, 1, 0],
				[72500, 0, 0],
				[72583.3333333334, 0, 0],
				[72666.6666666667, 1, 0, ""],
				[72833.3333333334, 3, 0],
				[72916.6666666667, 2, 0],
				[73000, 1, 0],
				[73166.6666666667, 2, 0]
			],
			"mustHitSection": true
		},
		{
			"sectionBeats": 4,
			"sectionNotes": [
				[73333.3333333334, 3, 166.666666666667],
				[73500, 2, 166.666666666667],
				[73666.6666666667, 1, 166.666666666667],
				[73833.3333333334, 0, 166.666666666667],
				[74000, 2, 333.333333333333],
				[74333.3333333334, 1, 333.333333333333]
			],
			"mustHitSection": true
		},
		{
			"sectionBeats": 4,
			"sectionNotes": [
				[74666.6666666667, 2, 0],
				[74666.67, 6, 0, ""],
				[75000, 4, 0, ""],
				[75166.67, 5, 0, ""],
				[75333.3359, 6, 0, ""],
				[75666.67, 4, 0, ""],
				[75833.3359, 7, 0, ""]
			],
			"mustHitSection": false
		},
		{
			"sectionBeats": 4,
			"sectionNotes": [
				[76000, 6, 0, ""],
				[76166.67, 7, 0, ""],
				[76333.3359, 4, 0, ""],
				[76500, 5, 0, ""],
				[76666.6666666667, 2, 0],
				[76666.67, 6, 0, ""],
				[77000, 6, 0, ""],
				[77000, 2, 0]
			],
			"mustHitSection": false
		},
		{
			"sectionBeats": 4,
			"sectionNotes": [
				[77333.3333333333, 4, 0, "GF Sing"],
				[77333.3333333333, 1, 0],
				[77500, 2, 0, "GF Sing"],
				[77666.6666666667, 0, 0, "GF Sing"],
				[77833.3366666667, 1, 0, "GF Sing"],
				[78000.0025666667, 2, 0, "GF Sing"],
				[78333.3366666667, 0, 0, "GF Sing"],
				[78500.0025666667, 3, 0, "GF Sing"]
			],
			"mustHitSection": true
		},
		{
			"sectionBeats": 4,
			"sectionNotes": [
				[78666.6666666667, 2, 0, "GF Sing"],
				[78833.3366666667, 3, 0, "GF Sing"],
				[79000.0025666667, 0, 0, "GF Sing"],
				[79166.6666666667, 1, 0, "GF Sing"],
				[79333.3333333333, 3, 0],
				[79333.3366666667, 2, 0, "GF Sing"],
				[79666.6666666667, 3, 0, "GF Sing"],
				[79666.6666666667, 0, 0]
			],
			"mustHitSection": true
		},
		{
			"sectionBeats": 4,
			"sectionNotes": [
				[80000, 5, 0, ""],
				[80000, 2, 750, "GF Sing"],
				[80000, 1, 0],
				[80333.3359, 4, 0, ""],
				[80500, 7, 0, ""],
				[80666.67, 5, 0, ""],
				[81000, 6, 0, ""],
				[81083.3333333333, 1, 583.333333333333, "GF Sing"]
			],
			"mustHitSection": false
		},
		{
			"sectionBeats": 4,
			"sectionNotes": [
				[81333.3359, 5, 0, ""],
				[81666.6666666667, 2, 0, "GF Sing"],
				[81666.6666666667, 3, 0],
				[81666.67, 5, 0, ""],
				[82000, 5, 0, ""],
				[82000, 0, 0, "GF Sing"],
				[82000, 3, 0],
				[82333.3333333333, 1, 0, "GF Sing"],
				[82333.3333333333, 2, 0],
				[82500, 3, 0],
				[82583.3333333333, 2, 0]
			],
			"mustHitSection": false
		},
		{
			"sectionBeats": 4,
			"sectionNotes": [
				[82666.6666666667, 1, 500, "GF Sing"],
				[82666.6666666667, 0, 500],
				[83166.6666666667, 2, 0],
				[83333.3333333333, 1, 0],
				[83500, 1, 0],
				[83666.6666666667, 2, 0],
				[83666.6666666667, 0, 666.666666666667, "GF Sing"]
			],
			"mustHitSection": true
		},
		{
			"sectionBeats": 4,
			"sectionNotes": [
				[84000, 3, 0],
				[84333.3333333333, 1, 0, "GF Sing"],
				[84500, 0, 0],
				[84666.6666666667, 1, 0],
				[84666.6666666667, 2, 0, "GF Sing"],
				[84833.3333333333, 3, 0],
				[85000, 0, 166.666666666667, "GF Sing"],
				[85041.6666666667, 1, 166.666666666667],
				[85083.3333333333, 3, 250]
			],
			"mustHitSection": true
		},
		{
			"sectionBeats": 4,
			"sectionNotes": [
				[85333.3333333333, 2, 375],
				[85333.3333333333, 6, 375, "GF Sing"],
				[86083.3333333333, 7, 0, "GF Sing"],
				[86291.6666666666, 7, 0, "GF Sing"],
				[86500, 7, 0, "GF Sing"]
			],
			"mustHitSection": true
		},
		{
			"sectionNotes": [
				[86666.6666666666, 2, 0],
				[86916.6666666666, 0, 0]
			],
			"sectionBeats": 4,
			"gfSection": false,
			"altAnim": false,
			"bpm": 180,
			"changeBPM": false,
			"mustHitSection": true
		},
		{
			"sectionBeats": 4,
			"sectionNotes": [],
			"gfSection": false,
			"altAnim": false,
			"mustHitSection": true,
			"changeBPM": false,
			"bpm": 180
		},
		{
			"sectionNotes": [],
			"sectionBeats": 4,
			"gfSection": false,
			"altAnim": false,
			"bpm": 180,
			"changeBPM": false,
			"mustHitSection": true
		}
	],
	"player2": "dad",
	"player3": null,
	"song": "dad-battle-neuro-mix",
	"stage": "stagepico",
	"needsVoices": true,
	"format": "psych_v1_convert",
	"bpm": 180,
	"speed": 3
}