﻿{"ATLAS":{"SPRITES":[{"SPRITE":{"name":"0000","x":2,"y":2,"w":2064,"h":1680,"rotated":false}},{"SPRITE":{"name":"0001","x":2185,"y":3531,"w":185,"h":71,"rotated":false}},{"SPRITE":{"name":"0002","x":3341,"y":3410,"w":223,"h":136,"rotated":false}},{"SPRITE":{"name":"0003","x":4000,"y":1298,"w":55,"h":146,"rotated":false}},{"SPRITE":{"name":"0004","x":1697,"y":3430,"w":160,"h":165,"rotated":false}},{"SPRITE":{"name":"0005","x":1533,"y":3430,"w":162,"h":165,"rotated":false}},{"SPRITE":{"name":"0006","x":2503,"y":3244,"w":288,"h":162,"rotated":false}},{"SPRITE":{"name":"0007","x":4072,"y":1836,"w":16,"h":24,"rotated":false}},{"SPRITE":{"name":"0008","x":3341,"y":3240,"w":296,"h":168,"rotated":false}},{"SPRITE":{"name":"0009","x":4000,"y":346,"w":81,"h":324,"rotated":false}},{"SPRITE":{"name":"0010","x":2647,"y":3408,"w":138,"h":151,"rotated":false}},{"SPRITE":{"name":"0011","x":2692,"y":3017,"w":279,"h":225,"rotated":false}},{"SPRITE":{"name":"0012","x":1393,"y":2047,"w":61,"h":48,"rotated":false}},{"SPRITE":{"name":"0013","x":774,"y":1684,"w":833,"h":189,"rotated":false}},{"SPRITE":{"name":"0014","x":1898,"y":2247,"w":50,"h":46,"rotated":false}},{"SPRITE":{"name":"0015","x":3130,"y":2121,"w":51,"h":70,"rotated":false}},{"SPRITE":{"name":"0016","x":3024,"y":3466,"w":294,"h":83,"rotated":false}},{"SPRITE":{"name":"0017","x":2,"y":3213,"w":280,"h":196,"rotated":false}},{"SPRITE":{"name":"0018","x":3189,"y":2555,"w":297,"h":302,"rotated":false}},{"SPRITE":{"name":"0019","x":3792,"y":2539,"w":292,"h":359,"rotated":false}},{"SPRITE":{"name":"0020","x":719,"y":2547,"w":306,"h":366,"rotated":false}},{"SPRITE":{"name":"0021","x":2874,"y":2358,"w":313,"h":376,"rotated":false}},{"SPRITE":{"name":"0022","x":382,"y":2696,"w":315,"h":248,"rotated":false}},{"SPRITE":{"name":"0023","x":2,"y":2696,"w":378,"h":240,"rotated":false}},{"SPRITE":{"name":"0024","x":1518,"y":2553,"w":424,"h":255,"rotated":false}},{"SPRITE":{"name":"0025","x":303,"y":2112,"w":435,"h":301,"rotated":false}},{"SPRITE":{"name":"0026","x":904,"y":3221,"w":302,"h":166,"rotated":false}},{"SPRITE":{"name":"0027","x":1393,"y":1875,"w":207,"h":170,"rotated":false}},{"SPRITE":{"name":"0028","x":4065,"y":1952,"w":16,"h":15,"rotated":false}},{"SPRITE":{"name":"0029","x":303,"y":2415,"w":414,"h":279,"rotated":false}},{"SPRITE":{"name":"0030","x":1027,"y":2553,"w":489,"h":224,"rotated":false}},{"SPRITE":{"name":"0031","x":2583,"y":2121,"w":545,"h":235,"rotated":false}},{"SPRITE":{"name":"0032","x":740,"y":2343,"w":600,"h":202,"rotated":false}},{"SPRITE":{"name":"0033","x":1944,"y":2556,"w":590,"h":155,"rotated":false}},{"SPRITE":{"name":"0034","x":904,"y":3103,"w":536,"h":116,"rotated":false}},{"SPRITE":{"name":"0035","x":4057,"y":1407,"w":29,"h":23,"rotated":false}},{"SPRITE":{"name":"0036","x":4065,"y":1969,"w":18,"h":13,"rotated":false}},{"SPRITE":{"name":"0037","x":1944,"y":2713,"w":471,"h":186,"rotated":false}},{"SPRITE":{"name":"0038","x":3488,"y":2539,"w":302,"h":377,"rotated":false}},{"SPRITE":{"name":"0039","x":3870,"y":2079,"w":215,"h":439,"rotated":false}},{"SPRITE":{"name":"0040","x":1393,"y":2100,"w":301,"h":451,"rotated":false}},{"SPRITE":{"name":"0041","x":774,"y":1875,"w":308,"h":466,"rotated":false}},{"SPRITE":{"name":"0042","x":2829,"y":1656,"w":359,"h":463,"rotated":false}},{"SPRITE":{"name":"0043","x":2583,"y":2358,"w":289,"h":411,"rotated":false}},{"SPRITE":{"name":"0044","x":396,"y":1684,"w":376,"h":426,"rotated":false}},{"SPRITE":{"name":"0045","x":2,"y":1684,"w":392,"h":411,"rotated":false}},{"SPRITE":{"name":"0046","x":3564,"y":1656,"w":389,"h":421,"rotated":false}},{"SPRITE":{"name":"0047","x":1609,"y":1684,"w":371,"h":414,"rotated":false}},{"SPRITE":{"name":"0048","x":2068,"y":1656,"w":383,"h":436,"rotated":false}},{"SPRITE":{"name":"0049","x":3190,"y":1656,"w":372,"h":444,"rotated":false}},{"SPRITE":{"name":"0050","x":2453,"y":1656,"w":374,"h":445,"rotated":false}},{"SPRITE":{"name":"0051","x":2286,"y":2103,"w":295,"h":451,"rotated":false}},{"SPRITE":{"name":"0052","x":3190,"y":2102,"w":296,"h":451,"rotated":false}},{"SPRITE":{"name":"0053","x":1982,"y":2094,"w":302,"h":457,"rotated":false}},{"SPRITE":{"name":"0054","x":1084,"y":1875,"w":307,"h":457,"rotated":false}},{"SPRITE":{"name":"0055","x":3564,"y":2079,"w":304,"h":458,"rotated":false}},{"SPRITE":{"name":"0056","x":2,"y":2097,"w":299,"h":460,"rotated":false}},{"SPRITE":{"name":"0057","x":1696,"y":2100,"w":200,"h":441,"rotated":false}},{"SPRITE":{"name":"0058","x":2973,"y":3017,"w":157,"h":362,"rotated":false}},{"SPRITE":{"name":"0059","x":4000,"y":2,"w":87,"h":342,"rotated":false}},{"SPRITE":{"name":"0060","x":4072,"y":1656,"w":15,"h":178,"rotated":false}},{"SPRITE":{"name":"0061","x":2052,"y":1684,"w":12,"h":177,"rotated":false}},{"SPRITE":{"name":"0062","x":709,"y":3512,"w":533,"h":45,"rotated":false}},{"SPRITE":{"name":"0063","x":2068,"y":2,"w":1930,"h":1652,"rotated":false}},{"SPRITE":{"name":"0064","x":4000,"y":834,"w":92,"h":138,"rotated":false}},{"SPRITE":{"name":"0065","x":3955,"y":1896,"w":108,"h":158,"rotated":false}},{"SPRITE":{"name":"0066","x":4065,"y":1937,"w":25,"h":13,"rotated":false}},{"SPRITE":{"name":"0067","x":4000,"y":1098,"w":42,"h":198,"rotated":false}},{"SPRITE":{"name":"0068","x":2052,"y":1863,"w":13,"h":19,"rotated":false}},{"SPRITE":{"name":"0069","x":4072,"y":1862,"w":17,"h":22,"rotated":false}},{"SPRITE":{"name":"0070","x":4065,"y":1915,"w":17,"h":20,"rotated":false}},{"SPRITE":{"name":"0071","x":1898,"y":2295,"w":76,"h":27,"rotated":false}},{"SPRITE":{"name":"0072","x":2793,"y":3244,"w":158,"h":113,"rotated":false}},{"SPRITE":{"name":"0073","x":3955,"y":1656,"w":115,"h":238,"rotated":false}},{"SPRITE":{"name":"0074","x":904,"y":2915,"w":112,"h":123,"rotated":false}},{"SPRITE":{"name":"0075","x":3958,"y":3163,"w":106,"h":250,"rotated":false}},{"SPRITE":{"name":"0076","x":4000,"y":672,"w":91,"h":160,"rotated":false}},{"SPRITE":{"name":"0077","x":3764,"y":3163,"w":192,"h":296,"rotated":false}},{"SPRITE":{"name":"0078","x":1244,"y":3496,"w":143,"h":117,"rotated":false}},{"SPRITE":{"name":"0079","x":1389,"y":3496,"w":89,"h":69,"rotated":false}},{"SPRITE":{"name":"0080","x":734,"y":3237,"w":165,"h":133,"rotated":false}},{"SPRITE":{"name":"0081","x":2692,"y":2771,"w":178,"h":225,"rotated":false}},{"SPRITE":{"name":"0082","x":3639,"y":3237,"w":123,"h":81,"rotated":false}},{"SPRITE":{"name":"0083","x":2503,"y":3052,"w":180,"h":165,"rotated":false}},{"SPRITE":{"name":"0084","x":172,"y":3411,"w":99,"h":60,"rotated":false}},{"SPRITE":{"name":"0085","x":3130,"y":2193,"w":43,"h":66,"rotated":false}},{"SPRITE":{"name":"0086","x":2185,"y":3431,"w":97,"h":83,"rotated":false}},{"SPRITE":{"name":"0087","x":1088,"y":3410,"w":443,"h":84,"rotated":false}},{"SPRITE":{"name":"0088","x":1898,"y":2190,"w":64,"h":55,"rotated":false}},{"SPRITE":{"name":"0089","x":3488,"y":2102,"w":63,"h":75,"rotated":false}},{"SPRITE":{"name":"0090","x":4000,"y":1605,"w":89,"h":49,"rotated":false}},{"SPRITE":{"name":"0091","x":4057,"y":1309,"w":35,"h":28,"rotated":false}},{"SPRITE":{"name":"0092","x":4000,"y":1446,"w":90,"h":79,"rotated":false}},{"SPRITE":{"name":"0093","x":4000,"y":1446,"w":90,"h":79,"rotated":false}},{"SPRITE":{"name":"0094","x":4000,"y":1527,"w":85,"h":76,"rotated":false}},{"SPRITE":{"name":"0095","x":1859,"y":3431,"w":160,"h":162,"rotated":false}},{"SPRITE":{"name":"0096","x":3566,"y":3410,"w":170,"h":162,"rotated":false}},{"SPRITE":{"name":"0097","x":1982,"y":1796,"w":68,"h":92,"rotated":false}},{"SPRITE":{"name":"0098","x":1982,"y":1890,"w":68,"h":92,"rotated":false}},{"SPRITE":{"name":"0099","x":3639,"y":3320,"w":106,"h":79,"rotated":false}},{"SPRITE":{"name":"0100","x":3024,"y":3381,"w":106,"h":79,"rotated":false}},{"SPRITE":{"name":"0101","x":2372,"y":3531,"w":87,"h":68,"rotated":false}},{"SPRITE":{"name":"0102","x":2461,"y":3531,"w":87,"h":68,"rotated":false}},{"SPRITE":{"name":"0103","x":1208,"y":3221,"w":229,"h":187,"rotated":false}},{"SPRITE":{"name":"0104","x":2793,"y":3381,"w":229,"h":187,"rotated":false}},{"SPRITE":{"name":"0105","x":3738,"y":3461,"w":171,"h":144,"rotated":false}},{"SPRITE":{"name":"0106","x":3911,"y":3461,"w":171,"h":144,"rotated":false}},{"SPRITE":{"name":"0107","x":734,"y":3389,"w":352,"h":121,"rotated":false}},{"SPRITE":{"name":"0108","x":2293,"y":3408,"w":352,"h":121,"rotated":false}},{"SPRITE":{"name":"0109","x":1456,"y":2047,"w":61,"h":47,"rotated":false}},{"SPRITE":{"name":"0110","x":1519,"y":2047,"w":57,"h":47,"rotated":false}},{"SPRITE":{"name":"0111","x":3488,"y":2240,"w":57,"h":47,"rotated":false}},{"SPRITE":{"name":"0112","x":1982,"y":1984,"w":70,"h":88,"rotated":false}},{"SPRITE":{"name":"0113","x":1898,"y":2100,"w":70,"h":88,"rotated":false}},{"SPRITE":{"name":"0114","x":904,"y":3063,"w":247,"h":31,"rotated":false}},{"SPRITE":{"name":"0115","x":458,"y":3435,"w":249,"h":101,"rotated":false}},{"SPRITE":{"name":"0116","x":2,"y":2938,"w":245,"h":261,"rotated":false}},{"SPRITE":{"name":"0117","x":3792,"y":2900,"w":257,"h":261,"rotated":false}},{"SPRITE":{"name":"0118","x":1786,"y":2901,"w":257,"h":261,"rotated":false}},{"SPRITE":{"name":"0119","x":2045,"y":2901,"w":257,"h":261,"rotated":false}},{"SPRITE":{"name":"0120","x":1296,"y":2810,"w":250,"h":291,"rotated":false}},{"SPRITE":{"name":"0121","x":1548,"y":2810,"w":236,"h":306,"rotated":false}},{"SPRITE":{"name":"0122","x":1027,"y":2779,"w":267,"h":282,"rotated":false}},{"SPRITE":{"name":"0123","x":2417,"y":2771,"w":273,"h":279,"rotated":false}},{"SPRITE":{"name":"0124","x":2874,"y":2736,"w":275,"h":279,"rotated":false}},{"SPRITE":{"name":"0125","x":458,"y":3268,"w":274,"h":165,"rotated":false}},{"SPRITE":{"name":"0126","x":2021,"y":3431,"w":162,"h":156,"rotated":false}},{"SPRITE":{"name":"0127","x":1442,"y":3118,"w":214,"h":287,"rotated":false}},{"SPRITE":{"name":"0128","x":4000,"y":974,"w":81,"h":122,"rotated":false}},{"SPRITE":{"name":"0129","x":2304,"y":2901,"w":95,"h":139,"rotated":false}},{"SPRITE":{"name":"0130","x":4044,"y":1098,"w":37,"h":174,"rotated":false}},{"SPRITE":{"name":"0131","x":1982,"y":1684,"w":58,"h":110,"rotated":false}},{"SPRITE":{"name":"0132","x":4057,"y":1373,"w":25,"h":32,"rotated":false}},{"SPRITE":{"name":"0133","x":4057,"y":1274,"w":30,"h":33,"rotated":false}},{"SPRITE":{"name":"0134","x":4057,"y":1339,"w":29,"h":32,"rotated":false}},{"SPRITE":{"name":"0135","x":3130,"y":2313,"w":48,"h":33,"rotated":false}},{"SPRITE":{"name":"0136","x":3488,"y":2289,"w":40,"h":44,"rotated":false}},{"SPRITE":{"name":"0137","x":3130,"y":2261,"w":38,"h":50,"rotated":false}},{"SPRITE":{"name":"0138","x":1786,"y":2810,"w":152,"h":86,"rotated":false}},{"SPRITE":{"name":"0139","x":2,"y":2559,"w":248,"h":113,"rotated":false}},{"SPRITE":{"name":"0140","x":489,"y":2946,"w":194,"h":320,"rotated":false}},{"SPRITE":{"name":"0141","x":2304,"y":3052,"w":197,"h":312,"rotated":false}},{"SPRITE":{"name":"0142","x":699,"y":2915,"w":203,"h":320,"rotated":false}},{"SPRITE":{"name":"0143","x":4065,"y":1896,"w":29,"h":17,"rotated":false}},{"SPRITE":{"name":"0144","x":3357,"y":2918,"w":201,"h":320,"rotated":false}},{"SPRITE":{"name":"0145","x":4057,"y":1432,"w":19,"h":11,"rotated":false}},{"SPRITE":{"name":"0146","x":3560,"y":2918,"w":202,"h":317,"rotated":false}},{"SPRITE":{"name":"0147","x":3151,"y":2859,"w":204,"h":338,"rotated":false}},{"SPRITE":{"name":"0148","x":3132,"y":3199,"w":207,"h":265,"rotated":false}},{"SPRITE":{"name":"0149","x":1873,"y":3164,"w":208,"h":265,"rotated":false}},{"SPRITE":{"name":"0150","x":2083,"y":3164,"w":208,"h":265,"rotated":false}},{"SPRITE":{"name":"0151","x":1658,"y":3164,"w":213,"h":264,"rotated":false}},{"SPRITE":{"name":"0152","x":249,"y":2946,"w":238,"h":265,"rotated":false}},{"SPRITE":{"name":"0153","x":3488,"y":2179,"w":60,"h":59,"rotated":false}},{"SPRITE":{"name":"0154","x":2,"y":3411,"w":168,"h":160,"rotated":false}},{"SPRITE":{"name":"0155","x":172,"y":3479,"w":210,"h":107,"rotated":false}},{"SPRITE":{"name":"0156","x":284,"y":3213,"w":172,"h":264,"rotated":false}}]},"meta":{"app":"Adobe Animate","version":"24.0.4.28","image":"spritemap1.png","format":"RGBA8888","size":{"w":4096,"h":3615},"resolution":"1"}}
