<?xml version="1.0" encoding="UTF-8"?>
<TextureAtlas imagePath="Nene.png" width="4079" height="3412">
  <SubTexture name="ComboCheer0001" x="0" y="0" width="433" height="294" rotated="true" frameX="-16" frameY="-57" frameWidth="312" frameHeight="496" />
  <SubTexture name="ComboCheer0002" x="433" y="0" width="447" height="294" rotated="true" frameX="-16" frameY="-43" frameWidth="312" frameHeight="496" />
  <SubTexture name="ComboCheer0003" x="880" y="0" width="453" height="312" rotated="true" frameX="-0" frameY="-43" frameWidth="312" frameHeight="496" />
  <SubTexture name="ComboCheer0004" x="1333" y="0" width="476" height="312" rotated="true" frameX="-0" frameY="-20" frameWidth="312" frameHeight="496" />
  <SubTexture name="ComboCheer0005" x="1333" y="0" width="476" height="312" rotated="true" frameX="-0" frameY="-20" frameWidth="312" frameHeight="496" />
  <SubTexture name="ComboCheer0006" x="1809" y="0" width="479" height="312" rotated="true" frameX="-0" frameY="-17" frameWidth="312" frameHeight="496" />
  <SubTexture name="ComboCheer0007" x="1809" y="0" width="479" height="312" rotated="true" frameX="-0" frameY="-17" frameWidth="312" frameHeight="496" />
  <SubTexture name="ComboCheer0008" x="2288" y="0" width="489" height="312" rotated="true" frameX="-0" frameY="-7" frameWidth="312" frameHeight="496" />
  <SubTexture name="ComboCheer0009" x="2288" y="0" width="489" height="312" rotated="true" frameX="-0" frameY="-7" frameWidth="312" frameHeight="496" />
  <SubTexture name="ComboCheer0010" x="2777" y="0" width="494" height="312" rotated="true" frameX="-0" frameY="-2" frameWidth="312" frameHeight="496" />
  <SubTexture name="ComboCheer0011" x="2777" y="0" width="494" height="312" rotated="true" frameX="-0" frameY="-2" frameWidth="312" frameHeight="496" />
  <SubTexture name="ComboCheer0012" x="3271" y="0" width="496" height="312" rotated="true" frameX="-0" frameY="-0" frameWidth="312" frameHeight="496" />
  <SubTexture name="ComboCheer0013" x="3271" y="0" width="496" height="312" rotated="true" frameX="-0" frameY="-0" frameWidth="312" frameHeight="496" />
  <SubTexture name="ComboCheer0014" x="0" y="294" width="496" height="312" rotated="true" frameX="-0" frameY="-0" frameWidth="312" frameHeight="496" />
  <SubTexture name="ComboCheer0015" x="0" y="294" width="496" height="312" rotated="true" frameX="-0" frameY="-0" frameWidth="312" frameHeight="496" />
  <SubTexture name="ComboCheer0016" x="3767" y="0" width="312" height="437" frameX="-0" frameY="-59" frameWidth="312" frameHeight="496" />
  <SubTexture name="ComboCheer0017" x="3767" y="0" width="312" height="437" frameX="-0" frameY="-59" frameWidth="312" frameHeight="496" />
  <SubTexture name="ComboCheer0018" x="3767" y="0" width="312" height="437" frameX="-0" frameY="-59" frameWidth="312" frameHeight="496" />
  <SubTexture name="ComboCheer0019" x="3767" y="0" width="312" height="437" frameX="-0" frameY="-59" frameWidth="312" frameHeight="496" />
  <SubTexture name="ComboCheer0020" x="3767" y="0" width="312" height="437" frameX="-0" frameY="-59" frameWidth="312" frameHeight="496" />
  <SubTexture name="ComboCheer0021" x="3767" y="0" width="312" height="437" frameX="-0" frameY="-59" frameWidth="312" frameHeight="496" />
  <SubTexture name="ComboCheer0022" x="3767" y="0" width="312" height="437" frameX="-0" frameY="-59" frameWidth="312" frameHeight="496" />
  <SubTexture name="ComboCheer0023" x="3767" y="0" width="312" height="437" frameX="-0" frameY="-59" frameWidth="312" frameHeight="496" />
  <SubTexture name="ComboCheer0024" x="3767" y="0" width="312" height="437" frameX="-0" frameY="-59" frameWidth="312" frameHeight="496" />
  <SubTexture name="ComboCheer0025" x="3767" y="0" width="312" height="437" frameX="-0" frameY="-59" frameWidth="312" frameHeight="496" />
  <SubTexture name="ComboFawn0001" x="1860" y="1740" width="456" height="417" rotated="true" frameX="-0" frameY="-4" frameWidth="417" frameHeight="460" />
  <SubTexture name="ComboFawn0002" x="1860" y="1740" width="456" height="417" rotated="true" frameX="-0" frameY="-4" frameWidth="417" frameHeight="460" />
  <SubTexture name="ComboFawn0003" x="0" y="1680" width="451" height="411" rotated="true" frameX="-5" frameY="-1" frameWidth="417" frameHeight="460" />
  <SubTexture name="ComboFawn0004" x="0" y="1680" width="451" height="411" rotated="true" frameX="-5" frameY="-1" frameWidth="417" frameHeight="460" />
  <SubTexture name="ComboFawn0005" x="3397" y="1475" width="451" height="408" rotated="true" frameX="-7" frameY="-0" frameWidth="417" frameHeight="460" />
  <SubTexture name="ComboFawn0006" x="3397" y="1475" width="451" height="408" rotated="true" frameX="-7" frameY="-0" frameWidth="417" frameHeight="460" />
  <SubTexture name="ComboFawn0007" x="3397" y="1475" width="451" height="408" rotated="true" frameX="-7" frameY="-0" frameWidth="417" frameHeight="460" />
  <SubTexture name="Idle0000" x="496" y="312" width="458" height="321" rotated="true" frameX="-97" frameY="-7" frameWidth="461" frameHeight="476" />
  <SubTexture name="Idle0001" x="496" y="312" width="458" height="321" rotated="true" frameX="-97" frameY="-7" frameWidth="461" frameHeight="476" />
  <SubTexture name="Idle0002" x="2927" y="1475" width="470" height="406" rotated="true" frameX="-13" frameY="-6" frameWidth="461" frameHeight="476" />
  <SubTexture name="Idle0003" x="2927" y="1475" width="470" height="406" rotated="true" frameX="-13" frameY="-6" frameWidth="461" frameHeight="476" />
  <SubTexture name="Idle0004" x="918" y="1720" width="471" height="415" rotated="true" frameX="-4" frameY="-5" frameWidth="461" frameHeight="476" />
  <SubTexture name="Idle0005" x="1389" y="1722" width="471" height="415" rotated="true" frameX="-4" frameY="-5" frameWidth="461" frameHeight="476" />
  <SubTexture name="Idle0006" x="2316" y="1744" width="472" height="425" rotated="true" frameX="-0" frameY="-3" frameWidth="461" frameHeight="476" />
  <SubTexture name="Idle0007" x="1869" y="2169" width="475" height="441" rotated="true" frameX="-0" frameY="-0" frameWidth="461" frameHeight="476" />
  <SubTexture name="Idle0008" x="920" y="2137" width="475" height="440" rotated="true" frameX="-1" frameY="-0" frameWidth="461" frameHeight="476" />
  <SubTexture name="Idle0009" x="1395" y="2157" width="474" height="440" rotated="true" frameX="-1" frameY="-0" frameWidth="461" frameHeight="476" />
  <SubTexture name="Idle0010" x="2344" y="2169" width="441" height="474" frameX="-3" frameY="-0" frameWidth="461" frameHeight="476" />
  <SubTexture name="Idle0011" x="2344" y="2169" width="441" height="474" frameX="-3" frameY="-0" frameWidth="461" frameHeight="476" />
  <SubTexture name="Idle0012" x="2785" y="2320" width="474" height="441" rotated="true" frameX="-3" frameY="-0" frameWidth="461" frameHeight="476" />
  <SubTexture name="Idle0013" x="3237" y="1883" width="474" height="437" rotated="true" frameX="-9" frameY="-0" frameWidth="461" frameHeight="476" />
  <SubTexture name="Idle0014" x="449" y="2135" width="471" height="437" rotated="true" frameX="-9" frameY="-0" frameWidth="461" frameHeight="476" />
  <SubTexture name="Idle0015" x="2054" y="1346" width="394" height="394" frameX="-67" frameY="-18" frameWidth="461" frameHeight="476" />
  <SubTexture name="Idle0016" x="2054" y="1346" width="394" height="394" frameX="-67" frameY="-18" frameWidth="461" frameHeight="476" />
  <SubTexture name="Idle0017" x="360" y="1319" width="363" height="361" frameX="-98" frameY="-18" frameWidth="461" frameHeight="476" />
  <SubTexture name="Idle0018" x="360" y="1319" width="363" height="361" frameX="-98" frameY="-18" frameWidth="461" frameHeight="476" />
  <SubTexture name="Idle0019" x="3283" y="1123" width="362" height="352" frameX="-98" frameY="-17" frameWidth="461" frameHeight="476" />
  <SubTexture name="Idle0020" x="3645" y="1123" width="362" height="352" frameX="-98" frameY="-17" frameWidth="461" frameHeight="476" />
  <SubTexture name="Idle0021" x="0" y="1300" width="360" height="352" frameX="-98" frameY="-14" frameWidth="461" frameHeight="476" />
  <SubTexture name="Idle0022" x="2186" y="997" width="365" height="349" rotated="true" frameX="-98" frameY="-1" frameWidth="461" frameHeight="476" />
  <SubTexture name="Idle0023" x="2551" y="997" width="365" height="349" rotated="true" frameX="-98" frameY="-1" frameWidth="461" frameHeight="476" />
  <SubTexture name="Idle0024" x="2916" y="997" width="367" height="349" rotated="true" frameX="-98" frameY="-1" frameWidth="461" frameHeight="476" />
  <SubTexture name="Idle0025" x="0" y="952" width="368" height="348" rotated="true" frameX="-98" frameY="-0" frameWidth="461" frameHeight="476" />
  <SubTexture name="Idle0026" x="0" y="952" width="368" height="348" rotated="true" frameX="-98" frameY="-0" frameWidth="461" frameHeight="476" />
  <SubTexture name="Idle0027" x="1810" y="997" width="376" height="348" rotated="true" frameX="-98" frameY="-0" frameWidth="461" frameHeight="476" />
  <SubTexture name="Idle0028" x="0" y="606" width="376" height="346" rotated="true" frameX="-98" frameY="-0" frameWidth="461" frameHeight="476" />
  <SubTexture name="Idle0029" x="1407" y="997" width="403" height="346" rotated="true" frameX="-98" frameY="-0" frameWidth="461" frameHeight="476" />
  <SubTexture name="KnifeIdle0001" x="954" y="312" width="525" height="342" rotated="true" frameX="-0" frameY="-0" frameWidth="342" frameHeight="525" />
  <SubTexture name="KnifeIdle0002" x="1479" y="312" width="525" height="342" rotated="true" frameX="-0" frameY="-0" frameWidth="342" frameHeight="525" />
  <SubTexture name="KnifeIdle0003" x="1479" y="312" width="525" height="342" rotated="true" frameX="-0" frameY="-0" frameWidth="342" frameHeight="525" />
  <SubTexture name="KnifeIdle0004" x="2004" y="312" width="525" height="342" rotated="true" frameX="-0" frameY="-0" frameWidth="342" frameHeight="525" />
  <SubTexture name="KnifeIdle0005" x="2529" y="312" width="525" height="342" rotated="true" frameX="-0" frameY="-0" frameWidth="342" frameHeight="525" />
  <SubTexture name="KnifeIdle0006" x="2529" y="312" width="525" height="342" rotated="true" frameX="-0" frameY="-0" frameWidth="342" frameHeight="525" />
  <SubTexture name="KnifeIdle0007" x="3054" y="312" width="525" height="342" rotated="true" frameX="-0" frameY="-0" frameWidth="342" frameHeight="525" />
  <SubTexture name="KnifeIdle0008" x="376" y="633" width="525" height="342" rotated="true" frameX="-0" frameY="-0" frameWidth="342" frameHeight="525" />
  <SubTexture name="KnifeIdle0009" x="376" y="633" width="525" height="342" rotated="true" frameX="-0" frameY="-0" frameWidth="342" frameHeight="525" />
  <SubTexture name="KnifeIdle0010" x="954" y="312" width="525" height="342" rotated="true" frameX="-0" frameY="-0" frameWidth="342" frameHeight="525" />
  <SubTexture name="KnifeLower0001" x="3521" y="779" width="525" height="344" rotated="true" frameX="-232" frameY="-0" frameWidth="815" frameHeight="720" />
  <SubTexture name="KnifeLower0002" x="882" y="997" width="525" height="345" rotated="true" frameX="-232" frameY="-0" frameWidth="815" frameHeight="720" />
  <SubTexture name="KnifeLower0003" x="882" y="997" width="525" height="345" rotated="true" frameX="-232" frameY="-0" frameWidth="815" frameHeight="720" />
  <SubTexture name="KnifeLower0004" x="368" y="975" width="514" height="344" rotated="true" frameX="-232" frameY="-11" frameWidth="815" frameHeight="720" />
  <SubTexture name="KnifeLower0005" x="368" y="975" width="514" height="344" rotated="true" frameX="-232" frameY="-11" frameWidth="815" frameHeight="720" />
  <SubTexture name="KnifeLower0006" x="3579" y="437" width="488" height="342" rotated="true" frameX="-232" frameY="-37" frameWidth="815" frameHeight="720" />
  <SubTexture name="KnifeLower0007" x="3579" y="437" width="488" height="342" rotated="true" frameX="-232" frameY="-37" frameWidth="815" frameHeight="720" />
  <SubTexture name="KnifeLower0008" x="451" y="1714" width="467" height="411" rotated="true" frameX="-172" frameY="-55" frameWidth="815" frameHeight="720" />
  <SubTexture name="KnifeLower0009" x="451" y="1714" width="467" height="411" rotated="true" frameX="-172" frameY="-55" frameWidth="815" frameHeight="720" />
  <SubTexture name="KnifeLower0010" x="479" y="2577" width="813" height="651" frameX="-2" frameY="-68" frameWidth="815" frameHeight="720" />
  <SubTexture name="KnifeLower0011" x="1292" y="2610" width="813" height="651" frameX="-2" frameY="-68" frameWidth="815" frameHeight="720" />
  <SubTexture name="KnifeLower0012" x="2105" y="2761" width="815" height="651" frameX="-0" frameY="-69" frameWidth="815" frameHeight="720" />
  <SubTexture name="KnifeRaise0001" x="3259" y="2320" width="476" height="444" rotated="true" frameX="-0" frameY="-50" frameWidth="444" frameHeight="526" />
  <SubTexture name="KnifeRaise0002" x="3259" y="2320" width="476" height="444" rotated="true" frameX="-0" frameY="-50" frameWidth="444" frameHeight="526" />
  <SubTexture name="KnifeRaise0003" x="2448" y="1346" width="479" height="398" rotated="true" frameX="-43" frameY="-47" frameWidth="444" frameHeight="526" />
  <SubTexture name="KnifeRaise0004" x="2448" y="1346" width="479" height="398" rotated="true" frameX="-43" frameY="-47" frameWidth="444" frameHeight="526" />
  <SubTexture name="KnifeRaise0005" x="901" y="654" width="519" height="343" rotated="true" frameX="-98" frameY="-7" frameWidth="444" frameHeight="526" />
  <SubTexture name="KnifeRaise0006" x="901" y="654" width="519" height="343" rotated="true" frameX="-98" frameY="-7" frameWidth="444" frameHeight="526" />
  <SubTexture name="KnifeRaise0007" x="1420" y="654" width="523" height="343" rotated="true" frameX="-98" frameY="-3" frameWidth="444" frameHeight="526" />
  <SubTexture name="KnifeRaise0008" x="1420" y="654" width="523" height="343" rotated="true" frameX="-98" frameY="-3" frameWidth="444" frameHeight="526" />
  <SubTexture name="KnifeRaise0009" x="1943" y="654" width="526" height="343" rotated="true" frameX="-98" frameY="-0" frameWidth="444" frameHeight="526" />
  <SubTexture name="KnifeRaise0010" x="1943" y="654" width="526" height="343" rotated="true" frameX="-98" frameY="-0" frameWidth="444" frameHeight="526" />
  <SubTexture name="KnifeRaise0011" x="2469" y="654" width="526" height="343" rotated="true" frameX="-98" frameY="-0" frameWidth="444" frameHeight="526" />
  <SubTexture name="KnifeRaise0012" x="2469" y="654" width="526" height="343" rotated="true" frameX="-98" frameY="-0" frameWidth="444" frameHeight="526" />
  <SubTexture name="KnifeRaise0013" x="2995" y="654" width="526" height="343" rotated="true" frameX="-98" frameY="-0" frameWidth="444" frameHeight="526" />
  <SubTexture name="KnifeRaise0014" x="2995" y="654" width="526" height="343" rotated="true" frameX="-98" frameY="-0" frameWidth="444" frameHeight="526" />
  <SubTexture name="KnifeRaise0015" x="2995" y="654" width="526" height="343" rotated="true" frameX="-98" frameY="-0" frameWidth="444" frameHeight="526" />
  <SubTexture name="KnifeRaise0016" x="2995" y="654" width="526" height="343" rotated="true" frameX="-98" frameY="-0" frameWidth="444" frameHeight="526" />
  <SubTexture name="KnifeRaise0017" x="2995" y="654" width="526" height="343" rotated="true" frameX="-98" frameY="-0" frameWidth="444" frameHeight="526" />
  <SubTexture name="KnifeRaise0018" x="2995" y="654" width="526" height="343" rotated="true" frameX="-98" frameY="-0" frameWidth="444" frameHeight="526" />
  <SubTexture name="KnifeRaise0019" x="2995" y="654" width="526" height="343" rotated="true" frameX="-98" frameY="-0" frameWidth="444" frameHeight="526" />
  <SubTexture name="KnifeRaise0020" x="2995" y="654" width="526" height="343" rotated="true" frameX="-98" frameY="-0" frameWidth="444" frameHeight="526" />
  <SubTexture name="Laugh0001" x="0" y="2572" width="479" height="453" frameX="-1" frameY="-40" frameWidth="480" frameHeight="493" />
  <SubTexture name="Laugh0002" x="0" y="2572" width="479" height="453" frameX="-1" frameY="-40" frameWidth="480" frameHeight="493" />
  <SubTexture name="Laugh0003" x="0" y="2091" width="449" height="459" rotated="true" frameX="-0" frameY="-34" frameWidth="480" frameHeight="493" />
  <SubTexture name="Laugh0004" x="0" y="2091" width="449" height="459" rotated="true" frameX="-0" frameY="-34" frameWidth="480" frameHeight="493" />
  <SubTexture name="Laugh0005" x="2788" y="1881" width="449" height="436" frameX="-10" frameY="-36" frameWidth="480" frameHeight="493" />
  <SubTexture name="Laugh0006" x="2788" y="1881" width="449" height="436" frameX="-10" frameY="-36" frameWidth="480" frameHeight="493" />
  <SubTexture name="Laugh0007" x="723" y="1342" width="440" height="372" rotated="true" frameX="-43" frameY="-4" frameWidth="480" frameHeight="493" />
  <SubTexture name="Laugh0008" x="723" y="1342" width="440" height="372" rotated="true" frameX="-43" frameY="-4" frameWidth="480" frameHeight="493" />
  <SubTexture name="Laugh0009" x="1163" y="1343" width="445" height="377" rotated="true" frameX="-39" frameY="-0" frameWidth="480" frameHeight="493" />
  <SubTexture name="Laugh0010" x="1163" y="1343" width="445" height="377" rotated="true" frameX="-39" frameY="-0" frameWidth="480" frameHeight="493" />
  <SubTexture name="Laugh0011" x="1608" y="1345" width="446" height="377" rotated="true" frameX="-39" frameY="-0" frameWidth="480" frameHeight="493" />
  <SubTexture name="Laugh0012" x="1608" y="1345" width="446" height="377" rotated="true" frameX="-39" frameY="-0" frameWidth="480" frameHeight="493" />
</TextureAtlas>
