﻿<?xml version="1.0" encoding="utf-8"?>
<TextureAtlas imagePath="NeuroSamaSprites.png">
	<!-- Created with Adobe Animate version 23.0.0.407 -->
	<!-- http://www.adobe.com/products/animate.html -->
	<SubTexture name="NeuroSamaDown0000" x="0" y="0" width="2063" height="2081"/>
	<SubTexture name="NeuroSamaDown0001" x="0" y="0" width="2063" height="2081"/>
	<SubTexture name="NeuroSamaDown0002" x="2063" y="0" width="1673" height="1604" frameX="-243" frameY="-152" frameWidth="2063" frameHeight="2081"/>
	<SubTexture name="NeuroSamaDown0003" x="2063" y="0" width="1673" height="1604" frameX="-243" frameY="-152" frameWidth="2063" frameHeight="2081"/>
	<SubTexture name="NeuroSamaDown0004" x="3736" y="0" width="1509" height="1403" frameX="-317" frameY="-254" frameWidth="2063" frameHeight="2081"/>
	<SubTexture name="NeuroSamaDown0005" x="3736" y="0" width="1509" height="1403" frameX="-317" frameY="-254" frameWidth="2063" frameHeight="2081"/>
	<SubTexture name="NeuroSamaDown0006" x="3736" y="0" width="1509" height="1403" frameX="-317" frameY="-254" frameWidth="2063" frameHeight="2081"/>
	<SubTexture name="NeuroSamaDown0007" x="3736" y="0" width="1509" height="1403" frameX="-317" frameY="-254" frameWidth="2063" frameHeight="2081"/>
	<SubTexture name="NeuroSamaDown0008" x="3736" y="0" width="1509" height="1403" frameX="-317" frameY="-254" frameWidth="2063" frameHeight="2081"/>
	<SubTexture name="NeuroSamaDown0009" x="3736" y="0" width="1509" height="1403" frameX="-317" frameY="-254" frameWidth="2063" frameHeight="2081"/>
	<SubTexture name="NeuroSamaIdle0000" x="5245" y="0" width="1712" height="1726" frameX="0" frameY="0" frameWidth="1789" frameHeight="1726"/>
	<SubTexture name="NeuroSamaIdle0001" x="5245" y="0" width="1712" height="1726" frameX="0" frameY="0" frameWidth="1789" frameHeight="1726"/>
	<SubTexture name="NeuroSamaIdle0002" x="0" y="2081" width="1625" height="1568" frameX="-164" frameY="-91" frameWidth="1789" frameHeight="1726"/>
	<SubTexture name="NeuroSamaIdle0003" x="0" y="2081" width="1625" height="1568" frameX="-164" frameY="-91" frameWidth="1789" frameHeight="1726"/>
	<SubTexture name="NeuroSamaIdle0004" x="1625" y="2081" width="1322" height="1313" frameX="-310" frameY="-203" frameWidth="1789" frameHeight="1726"/>
	<SubTexture name="NeuroSamaIdle0005" x="1625" y="2081" width="1322" height="1313" frameX="-310" frameY="-203" frameWidth="1789" frameHeight="1726"/>
	<SubTexture name="NeuroSamaIdle0006" x="2947" y="2081" width="1280" height="1280" frameX="-334" frameY="-217" frameWidth="1789" frameHeight="1726"/>
	<SubTexture name="NeuroSamaIdle0007" x="2947" y="2081" width="1280" height="1280" frameX="-334" frameY="-217" frameWidth="1789" frameHeight="1726"/>
	<SubTexture name="NeuroSamaIdle0008" x="2947" y="2081" width="1280" height="1280" frameX="-334" frameY="-217" frameWidth="1789" frameHeight="1726"/>
	<SubTexture name="NeuroSamaIdle0009" x="2947" y="2081" width="1280" height="1280" frameX="-334" frameY="-217" frameWidth="1789" frameHeight="1726"/>
	<SubTexture name="NeuroSamaLeft0000" x="4227" y="2081" width="1803" height="1650" frameX="0" frameY="0" frameWidth="1844" frameHeight="1650"/>
	<SubTexture name="NeuroSamaLeft0001" x="4227" y="2081" width="1803" height="1650" frameX="0" frameY="0" frameWidth="1844" frameHeight="1650"/>
	<SubTexture name="NeuroSamaLeft0002" x="6030" y="2081" width="1541" height="1519" frameX="-303" frameY="-98" frameWidth="1844" frameHeight="1650"/>
	<SubTexture name="NeuroSamaLeft0003" x="6030" y="2081" width="1541" height="1519" frameX="-303" frameY="-98" frameWidth="1844" frameHeight="1650"/>
	<SubTexture name="NeuroSamaLeft0004" x="0" y="3731" width="1280" height="1280" frameX="-359" frameY="-224" frameWidth="1844" frameHeight="1650"/>
	<SubTexture name="NeuroSamaLeft0005" x="0" y="3731" width="1280" height="1280" frameX="-359" frameY="-224" frameWidth="1844" frameHeight="1650"/>
	<SubTexture name="NeuroSamaLeft0006" x="0" y="3731" width="1280" height="1280" frameX="-359" frameY="-224" frameWidth="1844" frameHeight="1650"/>
	<SubTexture name="NeuroSamaLeft0007" x="0" y="3731" width="1280" height="1280" frameX="-359" frameY="-224" frameWidth="1844" frameHeight="1650"/>
	<SubTexture name="NeuroSamaLeft0008" x="0" y="3731" width="1280" height="1280" frameX="-359" frameY="-224" frameWidth="1844" frameHeight="1650"/>
	<SubTexture name="NeuroSamaLeft0009" x="0" y="3731" width="1280" height="1280" frameX="-359" frameY="-224" frameWidth="1844" frameHeight="1650"/>
	<SubTexture name="NeuroSamaRight0000" x="1280" y="3731" width="1912" height="1812"/>
	<SubTexture name="NeuroSamaRight0001" x="1280" y="3731" width="1912" height="1812"/>
	<SubTexture name="NeuroSamaRight0002" x="3192" y="3731" width="1518" height="1510" frameX="-384" frameY="-21" frameWidth="1912" frameHeight="1812"/>
	<SubTexture name="NeuroSamaRight0003" x="3192" y="3731" width="1518" height="1510" frameX="-384" frameY="-21" frameWidth="1912" frameHeight="1812"/>
	<SubTexture name="NeuroSamaRight0004" x="4710" y="3731" width="1280" height="1280" frameX="-433" frameY="-190" frameWidth="1912" frameHeight="1812"/>
	<SubTexture name="NeuroSamaRight0005" x="4710" y="3731" width="1280" height="1280" frameX="-433" frameY="-190" frameWidth="1912" frameHeight="1812"/>
	<SubTexture name="NeuroSamaRight0006" x="4710" y="3731" width="1280" height="1280" frameX="-433" frameY="-190" frameWidth="1912" frameHeight="1812"/>
	<SubTexture name="NeuroSamaRight0007" x="4710" y="3731" width="1280" height="1280" frameX="-433" frameY="-190" frameWidth="1912" frameHeight="1812"/>
	<SubTexture name="NeuroSamaRight0008" x="4710" y="3731" width="1280" height="1280" frameX="-433" frameY="-190" frameWidth="1912" frameHeight="1812"/>
	<SubTexture name="NeuroSamaRight0009" x="4710" y="3731" width="1280" height="1280" frameX="-433" frameY="-190" frameWidth="1912" frameHeight="1812"/>
	<SubTexture name="NeuroSamaUp0000" x="5990" y="3731" width="2173" height="1722"/>
	<SubTexture name="NeuroSamaUp0001" x="5990" y="3731" width="2173" height="1722"/>
	<SubTexture name="NeuroSamaUp0002" x="0" y="5543" width="1718" height="1391" frameX="-409" frameY="-196" frameWidth="2173" frameHeight="1722"/>
	<SubTexture name="NeuroSamaUp0003" x="0" y="5543" width="1718" height="1391" frameX="-409" frameY="-196" frameWidth="2173" frameHeight="1722"/>
	<SubTexture name="NeuroSamaUp0004" x="1718" y="5543" width="1650" height="1281" frameX="-472" frameY="-249" frameWidth="2173" frameHeight="1722"/>
	<SubTexture name="NeuroSamaUp0005" x="1718" y="5543" width="1650" height="1281" frameX="-472" frameY="-249" frameWidth="2173" frameHeight="1722"/>
	<SubTexture name="NeuroSamaUp0006" x="1718" y="5543" width="1650" height="1281" frameX="-472" frameY="-249" frameWidth="2173" frameHeight="1722"/>
	<SubTexture name="NeuroSamaUp0007" x="1718" y="5543" width="1650" height="1281" frameX="-472" frameY="-249" frameWidth="2173" frameHeight="1722"/>
	<SubTexture name="NeuroSamaUp0008" x="1718" y="5543" width="1650" height="1281" frameX="-472" frameY="-249" frameWidth="2173" frameHeight="1722"/>
	<SubTexture name="NeuroSamaUp0009" x="1718" y="5543" width="1650" height="1281" frameX="-472" frameY="-249" frameWidth="2173" frameHeight="1722"/>
</TextureAtlas>
