﻿{"ATLAS":{"SPRITES":[{"SPRITE":{"name":"0000","x":1160,"y":1329,"w":328,"h":72,"rotated":true}},{"SPRITE":{"name":"0001","x":825,"y":1747,"w":361,"h":76,"rotated":true}},{"SPRITE":{"name":"0002","x":949,"y":1238,"w":330,"h":86,"rotated":true}},{"SPRITE":{"name":"0003","x":1133,"y":5,"w":365,"h":981,"rotated":true}},{"SPRITE":{"name":"0004","x":298,"y":1847,"w":330,"h":92,"rotated":true}},{"SPRITE":{"name":"0005","x":503,"y":804,"w":105,"h":367,"rotated":false}},{"SPRITE":{"name":"0006","x":843,"y":997,"w":101,"h":328,"rotated":false}},{"SPRITE":{"name":"0007","x":5,"y":932,"w":109,"h":361,"rotated":false}},{"SPRITE":{"name":"0008","x":1013,"y":349,"w":110,"h":333,"rotated":false}},{"SPRITE":{"name":"0009","x":5,"y":805,"w":331,"h":122,"rotated":true}},{"SPRITE":{"name":"0010","x":5,"y":669,"w":332,"h":131,"rotated":true}},{"SPRITE":{"name":"0011","x":1822,"y":948,"w":168,"h":329,"rotated":false}},{"SPRITE":{"name":"0012","x":525,"y":349,"w":335,"h":156,"rotated":true}},{"SPRITE":{"name":"0013","x":525,"y":658,"w":328,"h":141,"rotated":true}},{"SPRITE":{"name":"0014","x":456,"y":1510,"w":94,"h":332,"rotated":false}},{"SPRITE":{"name":"0015","x":633,"y":1847,"w":331,"h":91,"rotated":true}},{"SPRITE":{"name":"0016","x":633,"y":1943,"w":350,"h":76,"rotated":true}},{"SPRITE":{"name":"0017","x":1010,"y":861,"w":92,"h":372,"rotated":false}},{"SPRITE":{"name":"0018","x":5,"y":1298,"w":105,"h":364,"rotated":false}},{"SPRITE":{"name":"0019","x":694,"y":1307,"w":101,"h":319,"rotated":false}},{"SPRITE":{"name":"0020","x":115,"y":1298,"w":109,"h":343,"rotated":false}},{"SPRITE":{"name":"0021","x":728,"y":997,"w":110,"h":305,"rotated":false}},{"SPRITE":{"name":"0022","x":5,"y":1855,"w":288,"h":122,"rotated":true}},{"SPRITE":{"name":"0023","x":728,"y":861,"w":277,"h":131,"rotated":true}},{"SPRITE":{"name":"0024","x":858,"y":688,"w":263,"h":168,"rotated":true}},{"SPRITE":{"name":"0025","x":342,"y":669,"w":156,"h":271,"rotated":false}},{"SPRITE":{"name":"0026","x":343,"y":945,"w":141,"h":267,"rotated":false}},{"SPRITE":{"name":"0027","x":1191,"y":1725,"w":249,"h":98,"rotated":true}},{"SPRITE":{"name":"0028","x":969,"y":1828,"w":275,"h":96,"rotated":true}},{"SPRITE":{"name":"0029","x":1781,"y":1282,"w":221,"h":73,"rotated":true}},{"SPRITE":{"name":"0030","x":1564,"y":1411,"w":242,"h":69,"rotated":true}},{"SPRITE":{"name":"0031","x":1525,"y":1622,"w":75,"h":50,"rotated":true}},{"SPRITE":{"name":"0032","x":1920,"y":1988,"w":67,"h":55,"rotated":false}},{"SPRITE":{"name":"0033","x":1781,"y":1391,"w":16,"h":14,"rotated":false}},{"SPRITE":{"name":"0034","x":613,"y":1142,"w":96,"h":26,"rotated":true}},{"SPRITE":{"name":"0035","x":1904,"y":1908,"w":9,"h":41,"rotated":false}},{"SPRITE":{"name":"0036","x":654,"y":1613,"w":16,"h":7,"rotated":true}},{"SPRITE":{"name":"0037","x":1822,"y":5,"w":178,"h":938,"rotated":true}},{"SPRITE":{"name":"0038","x":1781,"y":1268,"w":31,"h":8,"rotated":true}},{"SPRITE":{"name":"0039","x":949,"y":1221,"w":44,"h":12,"rotated":true}},{"SPRITE":{"name":"0040","x":229,"y":1628,"w":61,"h":13,"rotated":true}},{"SPRITE":{"name":"0041","x":1103,"y":1725,"w":75,"h":15,"rotated":true}},{"SPRITE":{"name":"0042","x":800,"y":1535,"w":20,"h":90,"rotated":false}},{"SPRITE":{"name":"0043","x":654,"y":1497,"w":23,"h":111,"rotated":false}},{"SPRITE":{"name":"0044","x":1989,"y":1539,"w":35,"h":130,"rotated":false}},{"SPRITE":{"name":"0045","x":1564,"y":1485,"w":141,"h":35,"rotated":true}},{"SPRITE":{"name":"0046","x":1107,"y":1193,"w":156,"h":39,"rotated":true}},{"SPRITE":{"name":"0047","x":1980,"y":1360,"w":37,"h":174,"rotated":false}},{"SPRITE":{"name":"0048","x":1836,"y":1783,"w":197,"h":37,"rotated":true}},{"SPRITE":{"name":"0049","x":949,"y":997,"w":46,"h":219,"rotated":false}},{"SPRITE":{"name":"0050","x":1437,"y":1978,"w":236,"h":59,"rotated":true}},{"SPRITE":{"name":"0051","x":988,"y":1929,"w":249,"h":74,"rotated":true}},{"SPRITE":{"name":"0052","x":1105,"y":1634,"w":284,"h":86,"rotated":true}},{"SPRITE":{"name":"0053","x":1503,"y":5,"w":314,"h":981,"rotated":true}},{"SPRITE":{"name":"0054","x":298,"y":1944,"w":330,"h":92,"rotated":true}},{"SPRITE":{"name":"0055","x":233,"y":945,"w":105,"h":367,"rotated":false}},{"SPRITE":{"name":"0056","x":119,"y":932,"w":109,"h":361,"rotated":false}},{"SPRITE":{"name":"0057","x":613,"y":804,"w":110,"h":333,"rotated":false}},{"SPRITE":{"name":"0058","x":525,"y":510,"w":327,"h":143,"rotated":true}},{"SPRITE":{"name":"0059","x":865,"y":349,"w":143,"h":334,"rotated":false}},{"SPRITE":{"name":"0060","x":525,"y":658,"w":328,"h":141,"rotated":true}},{"SPRITE":{"name":"0061","x":555,"y":1510,"w":94,"h":332,"rotated":false}},{"SPRITE":{"name":"0062","x":1437,"y":1160,"w":195,"h":104,"rotated":false}},{"SPRITE":{"name":"0063","x":968,"y":1465,"w":132,"h":199,"rotated":true}},{"SPRITE":{"name":"0064","x":229,"y":1317,"w":156,"h":225,"rotated":true}},{"SPRITE":{"name":"0065","x":489,"y":1176,"w":200,"h":166,"rotated":false}},{"SPRITE":{"name":"0066","x":115,"y":1646,"w":176,"h":204,"rotated":true}},{"SPRITE":{"name":"0067","x":654,"y":1631,"w":166,"h":177,"rotated":true}},{"SPRITE":{"name":"0068","x":1255,"y":991,"w":163,"h":167,"rotated":true}},{"SPRITE":{"name":"0069","x":1105,"y":1465,"w":153,"h":164,"rotated":true}},{"SPRITE":{"name":"0070","x":1284,"y":1163,"w":148,"h":151,"rotated":false}},{"SPRITE":{"name":"0071","x":1552,"y":991,"w":140,"h":140,"rotated":false}},{"SPRITE":{"name":"0072","x":1828,"y":1475,"w":82,"h":98,"rotated":false}},{"SPRITE":{"name":"0073","x":1836,"y":1685,"w":79,"h":93,"rotated":false}},{"SPRITE":{"name":"0074","x":1920,"y":1678,"w":80,"h":85,"rotated":false}},{"SPRITE":{"name":"0075","x":1920,"y":1908,"w":75,"h":75,"rotated":false}},{"SPRITE":{"name":"0076","x":1756,"y":1603,"w":66,"h":73,"rotated":true}},{"SPRITE":{"name":"0077","x":1038,"y":1669,"w":60,"h":65,"rotated":true}},{"SPRITE":{"name":"0078","x":74,"y":1982,"w":60,"h":53,"rotated":false}},{"SPRITE":{"name":"0079","x":1437,"y":1269,"w":49,"h":55,"rotated":true}},{"SPRITE":{"name":"0080","x":1781,"y":1360,"w":25,"h":26,"rotated":false}},{"SPRITE":{"name":"0081","x":1255,"y":1163,"w":21,"h":16,"rotated":false}},{"SPRITE":{"name":"0082","x":5,"y":1982,"w":64,"h":54,"rotated":true}},{"SPRITE":{"name":"0083","x":1160,"y":1406,"w":89,"h":44,"rotated":true}},{"SPRITE":{"name":"0084","x":1828,"y":1578,"w":77,"h":102,"rotated":false}},{"SPRITE":{"name":"0085","x":1910,"y":1578,"w":74,"h":95,"rotated":false}},{"SPRITE":{"name":"0086","x":1823,"y":1858,"w":76,"h":100,"rotated":false}},{"SPRITE":{"name":"0087","x":1732,"y":1859,"w":86,"h":100,"rotated":false}},{"SPRITE":{"name":"0088","x":390,"y":1217,"w":88,"h":118,"rotated":false}},{"SPRITE":{"name":"0089","x":1640,"y":1622,"w":111,"h":122,"rotated":false}},{"SPRITE":{"name":"0090","x":1493,"y":1269,"w":134,"h":112,"rotated":true}},{"SPRITE":{"name":"0091","x":1394,"y":1527,"w":126,"h":147,"rotated":false}},{"SPRITE":{"name":"0092","x":1394,"y":1406,"w":165,"h":116,"rotated":true}},{"SPRITE":{"name":"0093","x":1437,"y":1828,"w":125,"h":145,"rotated":false}},{"SPRITE":{"name":"0094","x":1423,"y":991,"w":124,"h":164,"rotated":false}},{"SPRITE":{"name":"0095","x":1263,"y":1406,"w":126,"h":151,"rotated":false}},{"SPRITE":{"name":"0096","x":1637,"y":1136,"w":154,"h":127,"rotated":true}},{"SPRITE":{"name":"0097","x":1721,"y":1485,"w":102,"h":113,"rotated":false}},{"SPRITE":{"name":"0098","x":1811,"y":1360,"w":101,"h":110,"rotated":false}},{"SPRITE":{"name":"0099","x":1648,"y":1749,"w":97,"h":105,"rotated":false}},{"SPRITE":{"name":"0100","x":1986,"y":1825,"w":57,"h":69,"rotated":true}},{"SPRITE":{"name":"0101","x":1242,"y":1929,"w":190,"h":96,"rotated":false}},{"SPRITE":{"name":"0102","x":5,"y":349,"w":515,"h":315,"rotated":false}},{"SPRITE":{"name":"0103","x":951,"y":1329,"w":204,"h":131,"rotated":false}},{"SPRITE":{"name":"0104","x":825,"y":1535,"w":138,"h":207,"rotated":true}},{"SPRITE":{"name":"0105","x":1107,"y":991,"w":143,"h":197,"rotated":true}},{"SPRITE":{"name":"0106","x":800,"y":1330,"w":146,"h":200,"rotated":true}},{"SPRITE":{"name":"0107","x":296,"y":1547,"w":155,"h":208,"rotated":true}},{"SPRITE":{"name":"0108","x":988,"y":2008,"w":194,"h":35,"rotated":false}},{"SPRITE":{"name":"0109","x":1917,"y":1360,"w":58,"h":183,"rotated":true}},{"SPRITE":{"name":"0110","x":1567,"y":1775,"w":76,"h":198,"rotated":true}},{"SPRITE":{"name":"0111","x":1525,"y":1527,"w":191,"h":90,"rotated":false}},{"SPRITE":{"name":"0112","x":597,"y":1347,"w":83,"h":145,"rotated":true}},{"SPRITE":{"name":"0113","x":1249,"y":1828,"w":162,"h":86,"rotated":false}},{"SPRITE":{"name":"0114","x":1648,"y":1859,"w":79,"h":112,"rotated":true}},{"SPRITE":{"name":"0115","x":1750,"y":1749,"w":81,"h":104,"rotated":true}},{"SPRITE":{"name":"0116","x":1823,"y":1963,"w":92,"h":80,"rotated":false}},{"SPRITE":{"name":"0117","x":139,"y":1982,"w":51,"h":51,"rotated":false}},{"SPRITE":{"name":"0118","x":1992,"y":1988,"w":38,"h":49,"rotated":true}},{"SPRITE":{"name":"0119","x":1732,"y":1964,"w":85,"h":63,"rotated":true}},{"SPRITE":{"name":"0120","x":1904,"y":1825,"w":77,"h":78,"rotated":true}},{"SPRITE":{"name":"0121","x":969,"y":1929,"w":8,"h":8,"rotated":false}},{"SPRITE":{"name":"0122","x":1721,"y":1603,"w":28,"h":11,"rotated":true}},{"SPRITE":{"name":"0123","x":390,"y":1347,"w":202,"h":158,"rotated":false}},{"SPRITE":{"name":"0124","x":296,"y":1760,"w":122,"h":80,"rotated":false}},{"SPRITE":{"name":"0125","x":1263,"y":1562,"w":88,"h":64,"rotated":true}},{"SPRITE":{"name":"0126","x":728,"y":804,"w":112,"h":52,"rotated":false}},{"SPRITE":{"name":"0127","x":1445,"y":1679,"w":190,"h":91,"rotated":false}},{"SPRITE":{"name":"0128","x":5,"y":5,"w":1123,"h":339,"rotated":false}},{"SPRITE":{"name":"0129","x":5,"y":1667,"w":97,"h":144,"rotated":true}},{"SPRITE":{"name":"0130","x":968,"y":1669,"w":65,"h":67,"rotated":true}},{"SPRITE":{"name":"0131","x":1678,"y":1976,"w":35,"h":56,"rotated":true}},{"SPRITE":{"name":"0132","x":1697,"y":991,"w":109,"h":139,"rotated":true}},{"SPRITE":{"name":"0133","x":1637,"y":1268,"w":139,"h":138,"rotated":false}},{"SPRITE":{"name":"0134","x":229,"y":1547,"w":62,"h":76,"rotated":false}},{"SPRITE":{"name":"0135","x":1756,"y":1685,"w":73,"h":57,"rotated":true}}]},"meta":{"app":"Adobe Animate","version":"22.0.2.168","image":"spritemap1.png","format":"RGBA8888","size":{"w":2048,"h":2048},"resolution":"1"}}
