{"ANIMATION":{"name":"Nene_assets(1)","StageInstance":{"SYMBOL_Instance":{"SYMBOL_name":"a bot eyes lookin","Instance_Name":"","symbolType":"graphic","firstFrame":0,"loop":"loop","transformationPoint":{"x":52.85,"y":19.15},"Matrix3D":{"m00":1.0,"m01":0.0,"m02":0.0,"m03":0.0,"m10":0.0,"m11":1.0,"m12":0.0,"m13":0.0,"m20":0.0,"m21":0.0,"m22":1.0,"m23":0.0,"m30":562.9,"m31":731.2,"m32":0.0,"m33":1.0},"DecomposedMatrix":{"Position":{"x":562.9,"y":731.2,"z":0.0},"Rotation":{"x":0.0,"y":-0.0,"z":0.0},"Scaling":{"x":1.0,"y":1.0,"z":1.0}}}},"SYMBOL_name":"a bot eyes lookin","TIMELINE":{"LAYERS":[{"Layer_name":"Layer_1","Frames":[{"index":0,"duration":8,"elements":[{"SYMBOL_Instance":{"SYMBOL_name":"abot eyes","Instance_Name":"","symbolType":"graphic","firstFrame":0,"loop":"loop","transformationPoint":{"x":53.2,"y":20.25},"Matrix3D":{"m00":1.0,"m01":0.0,"m02":0.0,"m03":0.0,"m10":0.0,"m11":1.0,"m12":0.0,"m13":0.0,"m20":0.0,"m21":0.0,"m22":1.0,"m23":0.0,"m30":0.0,"m31":-0.95,"m32":0.0,"m33":1.0},"DecomposedMatrix":{"Position":{"x":0.0,"y":-0.95,"z":0.0},"Rotation":{"x":0.0,"y":-0.0,"z":0.0},"Scaling":{"x":1.0,"y":1.0,"z":1.0}}}}]},{"index":8,"duration":2,"elements":[{"SYMBOL_Instance":{"SYMBOL_name":"abot eyes","Instance_Name":"","symbolType":"graphic","firstFrame":0,"loop":"loop","transformationPoint":{"x":53.2,"y":20.25},"Matrix3D":{"m00":1.0,"m01":0.0,"m02":0.0,"m03":0.0,"m10":0.0,"m11":1.0,"m12":0.0,"m13":0.0,"m20":0.0,"m21":0.0,"m22":1.0,"m23":0.0,"m30":-0.75,"m31":-0.95,"m32":0.0,"m33":1.0},"DecomposedMatrix":{"Position":{"x":-0.75,"y":-0.95,"z":0.0},"Rotation":{"x":0.0,"y":-0.0,"z":0.0},"Scaling":{"x":1.0,"y":1.0,"z":1.0}}}}]},{"index":10,"duration":1,"elements":[{"SYMBOL_Instance":{"SYMBOL_name":"abot eyes","Instance_Name":"","symbolType":"graphic","firstFrame":0,"loop":"loop","transformationPoint":{"x":53.2,"y":20.25},"Matrix3D":{"m00":1.0,"m01":0.0,"m02":0.0,"m03":0.0,"m10":0.0,"m11":1.0,"m12":0.0,"m13":0.0,"m20":0.0,"m21":0.0,"m22":1.0,"m23":0.0,"m30":-4.0,"m31":-0.95,"m32":0.0,"m33":1.0},"DecomposedMatrix":{"Position":{"x":-4.0,"y":-0.95,"z":0.0},"Rotation":{"x":0.0,"y":-0.0,"z":0.0},"Scaling":{"x":1.0,"y":1.0,"z":1.0}}}}]},{"index":11,"duration":2,"elements":[{"SYMBOL_Instance":{"SYMBOL_name":"abot eyes 2","Instance_Name":"","symbolType":"graphic","firstFrame":0,"loop":"loop","transformationPoint":{"x":39.800000000000007,"y":11.75},"Matrix3D":{"m00":1.0,"m01":0.0,"m02":0.0,"m03":0.0,"m10":0.0,"m11":1.0,"m12":0.0,"m13":0.0,"m20":0.0,"m21":0.0,"m22":1.0,"m23":0.0,"m30":-6.75,"m31":17.35,"m32":0.0,"m33":1.0},"DecomposedMatrix":{"Position":{"x":-6.75,"y":17.35,"z":0.0},"Rotation":{"x":0.0,"y":-0.0,"z":0.0},"Scaling":{"x":1.0,"y":1.0,"z":1.0}}}}]},{"index":13,"duration":3,"elements":[{"SYMBOL_Instance":{"SYMBOL_name":"abot eyes 2","Instance_Name":"","symbolType":"graphic","firstFrame":0,"loop":"loop","transformationPoint":{"x":39.800000000000007,"y":11.75},"Matrix3D":{"m00":1.0,"m01":0.0,"m02":0.0,"m03":0.0,"m10":0.0,"m11":1.0,"m12":0.0,"m13":0.0,"m20":0.0,"m21":0.0,"m22":1.0,"m23":0.0,"m30":-8.5,"m31":17.35,"m32":0.0,"m33":1.0},"DecomposedMatrix":{"Position":{"x":-8.5,"y":17.35,"z":0.0},"Rotation":{"x":0.0,"y":-0.0,"z":0.0},"Scaling":{"x":1.0,"y":1.0,"z":1.0}}}}]},{"index":16,"duration":6,"elements":[{"SYMBOL_Instance":{"SYMBOL_name":"abot eyes 2","Instance_Name":"","symbolType":"graphic","firstFrame":0,"loop":"loop","transformationPoint":{"x":39.800000000000007,"y":11.75},"Matrix3D":{"m00":1.0,"m01":0.0,"m02":0.0,"m03":0.0,"m10":0.0,"m11":1.0,"m12":0.0,"m13":0.0,"m20":0.0,"m21":0.0,"m22":1.0,"m23":0.0,"m30":-9.0,"m31":17.35,"m32":0.0,"m33":1.0},"DecomposedMatrix":{"Position":{"x":-9.0,"y":17.35,"z":0.0},"Rotation":{"x":0.0,"y":-0.0,"z":0.0},"Scaling":{"x":1.0,"y":1.0,"z":1.0}}}}]},{"index":22,"duration":2,"elements":[{"SYMBOL_Instance":{"SYMBOL_name":"abot eyes 2","Instance_Name":"","symbolType":"graphic","firstFrame":0,"loop":"loop","transformationPoint":{"x":39.800000000000007,"y":11.75},"Matrix3D":{"m00":1.0,"m01":0.0,"m02":0.0,"m03":0.0,"m10":0.0,"m11":1.0,"m12":0.0,"m13":0.0,"m20":0.0,"m21":0.0,"m22":1.0,"m23":0.0,"m30":-8.25,"m31":17.35,"m32":0.0,"m33":1.0},"DecomposedMatrix":{"Position":{"x":-8.25,"y":17.35,"z":0.0},"Rotation":{"x":0.0,"y":-0.0,"z":0.0},"Scaling":{"x":1.0,"y":1.0,"z":1.0}}}}]},{"index":24,"duration":1,"elements":[{"SYMBOL_Instance":{"SYMBOL_name":"abot eyes 2","Instance_Name":"","symbolType":"graphic","firstFrame":0,"loop":"loop","transformationPoint":{"x":39.800000000000007,"y":11.75},"Matrix3D":{"m00":1.0,"m01":0.0,"m02":0.0,"m03":0.0,"m10":0.0,"m11":1.0,"m12":0.0,"m13":0.0,"m20":0.0,"m21":0.0,"m22":1.0,"m23":0.0,"m30":-6.75,"m31":17.35,"m32":0.0,"m33":1.0},"DecomposedMatrix":{"Position":{"x":-6.75,"y":17.35,"z":0.0},"Rotation":{"x":0.0,"y":-0.0,"z":0.0},"Scaling":{"x":1.0,"y":1.0,"z":1.0}}}}]},{"index":25,"duration":2,"elements":[{"SYMBOL_Instance":{"SYMBOL_name":"abot eyes","Instance_Name":"","symbolType":"graphic","firstFrame":0,"loop":"loop","transformationPoint":{"x":53.2,"y":20.25},"Matrix3D":{"m00":1.0,"m01":0.0,"m02":0.0,"m03":0.0,"m10":0.0,"m11":1.0,"m12":0.0,"m13":0.0,"m20":0.0,"m21":0.0,"m22":1.0,"m23":0.0,"m30":-3.0,"m31":-0.45,"m32":0.0,"m33":1.0},"DecomposedMatrix":{"Position":{"x":-3.0,"y":-0.45,"z":0.0},"Rotation":{"x":0.0,"y":-0.0,"z":0.0},"Scaling":{"x":1.0,"y":1.0,"z":1.0}}}}]},{"index":27,"duration":3,"elements":[{"SYMBOL_Instance":{"SYMBOL_name":"abot eyes","Instance_Name":"","symbolType":"graphic","firstFrame":0,"loop":"loop","transformationPoint":{"x":53.2,"y":20.25},"Matrix3D":{"m00":1.0,"m01":0.0,"m02":0.0,"m03":0.0,"m10":0.0,"m11":1.0,"m12":0.0,"m13":0.0,"m20":0.0,"m21":0.0,"m22":1.0,"m23":0.0,"m30":-0.5,"m31":-0.95,"m32":0.0,"m33":1.0},"DecomposedMatrix":{"Position":{"x":-0.5,"y":-0.95,"z":0.0},"Rotation":{"x":0.0,"y":-0.0,"z":0.0},"Scaling":{"x":1.0,"y":1.0,"z":1.0}}}}]},{"index":30,"duration":2,"elements":[{"SYMBOL_Instance":{"SYMBOL_name":"abot eyes","Instance_Name":"","symbolType":"graphic","firstFrame":0,"loop":"loop","transformationPoint":{"x":53.2,"y":20.25},"Matrix3D":{"m00":1.0,"m01":0.0,"m02":0.0,"m03":0.0,"m10":0.0,"m11":1.0,"m12":0.0,"m13":0.0,"m20":0.0,"m21":0.0,"m22":1.0,"m23":0.0,"m30":0.0,"m31":-0.95,"m32":0.0,"m33":1.0},"DecomposedMatrix":{"Position":{"x":0.0,"y":-0.95,"z":0.0},"Rotation":{"x":0.0,"y":-0.0,"z":0.0},"Scaling":{"x":1.0,"y":1.0,"z":1.0}}}}]}]}]}},"SYMBOL_DICTIONARY":{"Symbols":[{"SYMBOL_name":"abot eyes","TIMELINE":{"LAYERS":[{"Layer_name":"Layer_2","Frames":[{"index":0,"duration":1,"elements":[{"ATLAS_SPRITE_instance":{"name":"0000","Matrix3D":{"m00":1.0,"m01":0.0,"m02":0.0,"m03":0.0,"m10":0.0,"m11":1.0,"m12":0.0,"m13":0.0,"m20":0.0,"m21":0.0,"m22":1.0,"m23":0.0,"m30":0.0,"m31":1.0,"m32":0.0,"m33":1.0},"DecomposedMatrix":{"Position":{"x":0.0,"y":1.0,"z":0.0},"Rotation":{"x":0.0,"y":-0.0,"z":0.0},"Scaling":{"x":1.0,"y":1.0,"z":1.0}}}}]}]}]}},{"SYMBOL_name":"abot eyes 2","TIMELINE":{"LAYERS":[{"Layer_name":"Layer_2","Frames":[{"index":0,"duration":1,"elements":[{"ATLAS_SPRITE_instance":{"name":"0001","Matrix3D":{"m00":1.0,"m01":0.0,"m02":0.0,"m03":0.0,"m10":0.0,"m11":1.0,"m12":0.0,"m13":0.0,"m20":0.0,"m21":0.0,"m22":1.0,"m23":0.0,"m30":0.0,"m31":0.0,"m32":0.0,"m33":1.0},"DecomposedMatrix":{"Position":{"x":0.0,"y":0.0,"z":0.0},"Rotation":{"x":0.0,"y":-0.0,"z":0.0},"Scaling":{"x":1.0,"y":1.0,"z":1.0}}}}]}]}]}}]},"metadata":{"framerate":24.0}}
