﻿{"ATLAS": {"SPRITES":[ 
{"SPRITE" : {"name": "0000","x":0,"y":0,"w":753,"h":820,"rotated": false}},
{"SPRITE" : {"name": "0001","x":758,"y":0,"w":583,"h":602,"rotated": false}},
{"SPRITE" : {"name": "0002","x":2003,"y":1090,"w":274,"h":200,"rotated": false}},
{"SPRITE" : {"name": "0003","x":2648,"y":1034,"w":459,"h":170,"rotated": false}},
{"SPRITE" : {"name": "0004","x":3345,"y":748,"w":180,"h":205,"rotated": false}},
{"SPRITE" : {"name": "0005","x":3112,"y":1034,"w":357,"h":208,"rotated": false}},
{"SPRITE" : {"name": "0006","x":1444,"y":714,"w":251,"h":360,"rotated": false}},
{"SPRITE" : {"name": "0007","x":3227,"y":1247,"w":202,"h":136,"rotated": false}},
{"SPRITE" : {"name": "0008","x":3600,"y":437,"w":350,"h":290,"rotated": false}},
{"SPRITE" : {"name": "0009","x":3856,"y":732,"w":234,"h":204,"rotated": false}},
{"SPRITE" : {"name": "0010","x":683,"y":1184,"w":290,"h":156,"rotated": false}},
{"SPRITE" : {"name": "0011","x":3799,"y":1042,"w":271,"h":204,"rotated": false}},
{"SPRITE" : {"name": "0012","x":358,"y":1270,"w":147,"h":166,"rotated": false}},
{"SPRITE" : {"name": "0013","x":0,"y":1095,"w":353,"h":205,"rotated": false}},
{"SPRITE" : {"name": "0014","x":0,"y":1305,"w":113,"h":134,"rotated": false}},
{"SPRITE" : {"name": "0015","x":3565,"y":1276,"w":118,"h":147,"rotated": false}},
{"SPRITE" : {"name": "0016","x":3799,"y":1251,"w":159,"h":160,"rotated": false}},
{"SPRITE" : {"name": "0017","x":2684,"y":516,"w":87,"h":143,"rotated": false}},
{"SPRITE" : {"name": "0018","x":3856,"y":941,"w":103,"h":78,"rotated": false}},
{"SPRITE" : {"name": "0019","x":1346,"y":0,"w":600,"h":409,"rotated": false}},
{"SPRITE" : {"name": "0020","x":2177,"y":1295,"w":93,"h":97,"rotated": false}},
{"SPRITE" : {"name": "0021","x":3964,"y":941,"w":67,"h":90,"rotated": false}},
{"SPRITE" : {"name": "0022","x":1680,"y":1095,"w":254,"h":214,"rotated": false}},
{"SPRITE" : {"name": "0023","x":3688,"y":1276,"w":99,"h":121,"rotated": false}},
{"SPRITE" : {"name": "0024","x":2787,"y":1209,"w":210,"h":190,"rotated": false}},
{"SPRITE" : {"name": "0025","x":1572,"y":1272,"w":101,"h":123,"rotated": false}},
{"SPRITE" : {"name": "0026","x":2003,"y":801,"w":310,"h":284,"rotated": false}},
{"SPRITE" : {"name": "0027","x":978,"y":1227,"w":176,"h":196,"rotated": false}},
{"SPRITE" : {"name": "0028","x":1939,"y":1295,"w":107,"h":162,"rotated": false}},
{"SPRITE" : {"name": "0029","x":190,"y":1305,"w":67,"h":124,"rotated": false}},
{"SPRITE" : {"name": "0030","x":2780,"y":364,"w":416,"h":340,"rotated": false}},
{"SPRITE" : {"name": "0031","x":3002,"y":1247,"w":220,"h":142,"rotated": false}},
{"SPRITE" : {"name": "0032","x":2398,"y":0,"w":377,"h":511,"rotated": false}},
{"SPRITE" : {"name": "0033","x":3474,"y":1042,"w":320,"h":229,"rotated": false}},
{"SPRITE" : {"name": "0034","x":1227,"y":607,"w":97,"h":99,"rotated": false}},
{"SPRITE" : {"name": "0035","x":1951,"y":0,"w":442,"h":499,"rotated": false}},
{"SPRITE" : {"name": "0036","x":3251,"y":0,"w":344,"h":449,"rotated": false}},
{"SPRITE" : {"name": "0037","x":2282,"y":1110,"w":208,"h":227,"rotated": false}},
{"SPRITE" : {"name": "0038","x":1346,"y":1079,"w":329,"h":188,"rotated": false}},
{"SPRITE" : {"name": "0039","x":1700,"y":414,"w":143,"h":81,"rotated": false}},
{"SPRITE" : {"name": "0040","x":118,"y":1305,"w":67,"h":127,"rotated": false}},
{"SPRITE" : {"name": "0041","x":2495,"y":1209,"w":287,"h":144,"rotated": false}},
{"SPRITE" : {"name": "0042","x":1287,"y":1272,"w":154,"h":153,"rotated": false}},
{"SPRITE" : {"name": "0043","x":2780,"y":0,"w":466,"h":359,"rotated": false}},
{"SPRITE" : {"name": "0044","x":0,"y":825,"w":331,"h":265,"rotated": false}},
{"SPRITE" : {"name": "0045","x":3201,"y":454,"w":347,"h":289,"rotated": false}},
{"SPRITE" : {"name": "0046","x":1700,"y":504,"w":346,"h":281,"rotated": false}},
{"SPRITE" : {"name": "0047","x":1091,"y":714,"w":348,"h":262,"rotated": false}},
{"SPRITE" : {"name": "0048","x":994,"y":981,"w":347,"h":241,"rotated": false}},
{"SPRITE" : {"name": "0049","x":336,"y":825,"w":345,"h":253,"rotated": false}},
{"SPRITE" : {"name": "0050","x":1346,"y":414,"w":349,"h":295,"rotated": false}},
{"SPRITE" : {"name": "0051","x":1700,"y":504,"w":346,"h":281,"rotated": false}},
{"SPRITE" : {"name": "0052","x":1346,"y":414,"w":349,"h":295,"rotated": false}},
{"SPRITE" : {"name": "0053","x":1700,"y":504,"w":346,"h":281,"rotated": false}},
{"SPRITE" : {"name": "0054","x":3017,"y":748,"w":323,"h":281,"rotated": false}},
{"SPRITE" : {"name": "0055","x":758,"y":607,"w":328,"h":281,"rotated": false}},
{"SPRITE" : {"name": "0056","x":2051,"y":504,"w":325,"h":292,"rotated": false}},
{"SPRITE" : {"name": "0057","x":2684,"y":709,"w":328,"h":281,"rotated": false}},
{"SPRITE" : {"name": "0058","x":2318,"y":838,"w":325,"h":267,"rotated": false}},
{"SPRITE" : {"name": "0059","x":2381,"y":516,"w":298,"h":317,"rotated": false}},
{"SPRITE" : {"name": "0060","x":3553,"y":732,"w":298,"h":305,"rotated": false}},
{"SPRITE" : {"name": "0061","x":1700,"y":790,"w":298,"h":300,"rotated": false}},
{"SPRITE" : {"name": "0062","x":686,"y":893,"w":303,"h":286,"rotated": false}},
{"SPRITE" : {"name": "0063","x":1159,"y":1227,"w":123,"h":245,"rotated": false}},
{"SPRITE" : {"name": "0064","x":3963,"y":1251,"w":118,"h":207,"rotated": false}},
{"SPRITE" : {"name": "0065","x":510,"y":1270,"w":133,"h":181,"rotated": false}},
{"SPRITE" : {"name": "0066","x":3955,"y":499,"w":131,"h":221,"rotated": false}},
{"SPRITE" : {"name": "0067","x":3434,"y":1276,"w":126,"h":170,"rotated": false}},
{"SPRITE" : {"name": "0068","x":3955,"y":253,"w":128,"h":241,"rotated": false}},
{"SPRITE" : {"name": "0069","x":1446,"y":1272,"w":121,"h":186,"rotated": false}},
{"SPRITE" : {"name": "0070","x":3933,"y":0,"w":156,"h":248,"rotated": false}},
{"SPRITE" : {"name": "0071","x":2051,"y":1295,"w":121,"h":140,"rotated": false}},
{"SPRITE" : {"name": "0072","x":1091,"y":607,"w":131,"h":82,"rotated": false}},
{"SPRITE" : {"name": "0073","x":358,"y":1083,"w":320,"h":182,"rotated": false}},
{"SPRITE" : {"name": "0074","x":3600,"y":0,"w":328,"h":432,"rotated": false}}
]},
"meta": {
"app": "Adobe Animate",
"version": "22.0.5.191",
"image": "spritemap1.png",
"format": "RGBA8888",
"size": {"w":4090,"h":1472},
"resolution": "1"
}
}
