﻿<?xml version="1.0" encoding="utf-8"?>
<TextureAtlas imagePath="soundSystem.png">
	<SubTexture name="sound system0000" x="0" y="1393" width="753" height="260" frameX="-63" frameY="-181" frameWidth="875" frameHeight="963" />
	<SubTexture name="sound system0001" x="0" y="1393" width="753" height="260" frameX="-63" frameY="-181" frameWidth="875" frameHeight="963" />
	<SubTexture name="sound system0002" x="0" y="942" width="690" height="446" frameX="-95" frameY="-324" frameWidth="875" frameHeight="963" />
	<SubTexture name="sound system0003" x="836" y="935" width="873" height="817" frameX="-2" frameY="-146" frameWidth="875" frameHeight="963" />
	<SubTexture name="sound system0004" x="836" y="935" width="873" height="817" frameX="-2" frameY="-146" frameWidth="875" frameHeight="963" />
	<SubTexture name="sound system0005" x="1714" y="1670" width="831" height="761" frameX="-23" frameY="-169" frameWidth="875" frameHeight="963" />
	<SubTexture name="sound system0006" x="836" y="0" width="831" height="930" frameX="-23" frameY="0" frameWidth="875" frameHeight="963" />
	<SubTexture name="sound system0007" x="0" y="0" width="831" height="937" frameX="-23" frameY="0" frameWidth="875" frameHeight="963" />
	<SubTexture name="sound system0008" x="2531" y="0" width="833" height="822" frameX="-21" frameY="-115" frameWidth="875" frameHeight="963" />
	<SubTexture name="sound system0009" x="1672" y="0" width="854" height="830" frameX="0" frameY="-110" frameWidth="875" frameHeight="963" />
	<SubTexture name="sound system0010" x="1714" y="835" width="854" height="830" frameX="0" frameY="-110" frameWidth="875" frameHeight="963" />
	<SubTexture name="sound system0011" x="849" y="2385" width="845" height="610" frameX="-9" frameY="-327" frameWidth="875" frameHeight="963" />
	<SubTexture name="sound system0012" x="1699" y="2436" width="845" height="610" frameX="-9" frameY="-327" frameWidth="875" frameHeight="963" />
	<SubTexture name="sound system0013" x="2550" y="1670" width="840" height="629" frameX="-14" frameY="-308" frameWidth="875" frameHeight="963" />
	<SubTexture name="sound system0014" x="2550" y="2304" width="840" height="629" frameX="-14" frameY="-308" frameWidth="875" frameHeight="963" />
	<SubTexture name="sound system0015" x="852" y="1757" width="844" height="623" frameX="-10" frameY="-314" frameWidth="875" frameHeight="963" />
	<SubTexture name="sound system0016" x="0" y="2385" width="844" height="623" frameX="-10" frameY="-314" frameWidth="875" frameHeight="963" />
	<SubTexture name="sound system0017" x="2573" y="827" width="847" height="623" frameX="-7" frameY="-314" frameWidth="875" frameHeight="963" />
	<SubTexture name="sound system0018" x="0" y="1757" width="847" height="623" frameX="-7" frameY="-314" frameWidth="875" frameHeight="963" />
	<SubTexture name="sound system0019" x="0" y="1757" width="847" height="623" frameX="-7" frameY="-314" frameWidth="875" frameHeight="963" />
	<SubTexture name="sound system0020" x="0" y="1757" width="847" height="623" frameX="-7" frameY="-314" frameWidth="875" frameHeight="963" />
	<SubTexture name="sound system0021" x="0" y="1757" width="847" height="623" frameX="-7" frameY="-314" frameWidth="875" frameHeight="963" />
	<SubTexture name="sound system0022" x="0" y="1757" width="847" height="623" frameX="-7" frameY="-314" frameWidth="875" frameHeight="963" />
	<SubTexture name="sound system0023" x="0" y="1757" width="847" height="623" frameX="-7" frameY="-314" frameWidth="875" frameHeight="963" />
	<SubTexture name="sound system0024" x="0" y="1757" width="847" height="623" frameX="-7" frameY="-314" frameWidth="875" frameHeight="963" />
	<SubTexture name="sound system0025" x="0" y="1757" width="847" height="623" frameX="-7" frameY="-314" frameWidth="875" frameHeight="963" />
	<SubTexture name="sound system0026" x="0" y="1757" width="847" height="623" frameX="-7" frameY="-314" frameWidth="875" frameHeight="963" />
	<SubTexture name="sound system0027" x="0" y="1757" width="847" height="623" frameX="-7" frameY="-314" frameWidth="875" frameHeight="963" />
	<SubTexture name="sound system0028" x="0" y="1757" width="847" height="623" frameX="-7" frameY="-314" frameWidth="875" frameHeight="963" />
	<SubTexture name="sound system0029" x="0" y="1757" width="847" height="623" frameX="-7" frameY="-314" frameWidth="875" frameHeight="963" />
	<SubTexture name="sound system0030" x="0" y="1757" width="847" height="623" frameX="-7" frameY="-314" frameWidth="875" frameHeight="963" />
	<SubTexture name="sound system0031" x="0" y="1757" width="847" height="623" frameX="-7" frameY="-314" frameWidth="875" frameHeight="963" />
	<SubTexture name="sound system0032" x="0" y="1757" width="847" height="623" frameX="-7" frameY="-314" frameWidth="875" frameHeight="963" />
	<SubTexture name="sound system0033" x="0" y="1757" width="847" height="623" frameX="-7" frameY="-314" frameWidth="875" frameHeight="963" />
	<SubTexture name="sound system0034" x="0" y="1757" width="847" height="623" frameX="-7" frameY="-314" frameWidth="875" frameHeight="963" />
	<SubTexture name="sound system0035" x="0" y="1757" width="847" height="623" frameX="-7" frameY="-314" frameWidth="875" frameHeight="963" />
	<SubTexture name="sound system0036" x="0" y="1757" width="847" height="623" frameX="-7" frameY="-314" frameWidth="875" frameHeight="963" />
	<SubTexture name="sound system0037" x="0" y="1757" width="847" height="623" frameX="-7" frameY="-314" frameWidth="875" frameHeight="963" />
	<SubTexture name="sound system0038" x="0" y="1757" width="847" height="623" frameX="-7" frameY="-314" frameWidth="875" frameHeight="963" />
	<SubTexture name="sound system0039" x="0" y="1757" width="847" height="623" frameX="-7" frameY="-314" frameWidth="875" frameHeight="963" />
	<SubTexture name="sound system0040" x="0" y="1757" width="847" height="623" frameX="-7" frameY="-314" frameWidth="875" frameHeight="963" />
	<SubTexture name="sound system0041" x="0" y="1757" width="847" height="623" frameX="-7" frameY="-314" frameWidth="875" frameHeight="963" />
	<SubTexture name="sound system0042" x="0" y="1757" width="847" height="623" frameX="-7" frameY="-314" frameWidth="875" frameHeight="963" />
	<SubTexture name="sound system0043" x="0" y="1757" width="847" height="623" frameX="-7" frameY="-314" frameWidth="875" frameHeight="963" />
	<SubTexture name="sound system0044" x="0" y="1757" width="847" height="623" frameX="-7" frameY="-314" frameWidth="875" frameHeight="963" />
	<SubTexture name="sound system0045" x="0" y="1757" width="847" height="623" frameX="-7" frameY="-314" frameWidth="875" frameHeight="963" />
	<SubTexture name="sound system0046" x="0" y="1757" width="847" height="623" frameX="-7" frameY="-314" frameWidth="875" frameHeight="963" />
	<SubTexture name="sound system0047" x="0" y="1757" width="847" height="623" frameX="-7" frameY="-314" frameWidth="875" frameHeight="963" />
	<SubTexture name="sound system0048" x="0" y="1757" width="847" height="623" frameX="-7" frameY="-314" frameWidth="875" frameHeight="963" />
	<SubTexture name="sound system0049" x="0" y="1757" width="847" height="623" frameX="-7" frameY="-314" frameWidth="875" frameHeight="963" />
	<SubTexture name="sound system0050" x="0" y="1757" width="847" height="623" frameX="-7" frameY="-314" frameWidth="875" frameHeight="963" />
	<SubTexture name="sound system0051" x="0" y="1757" width="847" height="623" frameX="-7" frameY="-314" frameWidth="875" frameHeight="963" />
	<SubTexture name="sound system0052" x="0" y="1757" width="847" height="623" frameX="-7" frameY="-314" frameWidth="875" frameHeight="963" />
	<SubTexture name="sound system0053" x="0" y="1757" width="847" height="623" frameX="-7" frameY="-314" frameWidth="875" frameHeight="963" />
	<SubTexture name="sound system0054" x="0" y="1757" width="847" height="623" frameX="-7" frameY="-314" frameWidth="875" frameHeight="963" />
	<SubTexture name="sound system0055" x="0" y="1757" width="847" height="623" frameX="-7" frameY="-314" frameWidth="875" frameHeight="963" />
	<SubTexture name="sound system0056" x="0" y="1757" width="847" height="623" frameX="-7" frameY="-314" frameWidth="875" frameHeight="963" />
	<SubTexture name="sound system0057" x="0" y="1757" width="847" height="623" frameX="-7" frameY="-314" frameWidth="875" frameHeight="963" />
	<SubTexture name="sound system0058" x="0" y="1757" width="847" height="623" frameX="-7" frameY="-314" frameWidth="875" frameHeight="963" />
	<SubTexture name="sound system0059" x="0" y="1757" width="847" height="623" frameX="-7" frameY="-314" frameWidth="875" frameHeight="963" />
	<SubTexture name="sound system0060" x="0" y="1757" width="847" height="623" frameX="-7" frameY="-314" frameWidth="875" frameHeight="963" />
	<SubTexture name="sound system0061" x="0" y="1757" width="847" height="623" frameX="-7" frameY="-314" frameWidth="875" frameHeight="963" />
	<SubTexture name="sound system0062" x="0" y="1757" width="847" height="623" frameX="-7" frameY="-314" frameWidth="875" frameHeight="963" />
	<SubTexture name="sound system0063" x="0" y="1757" width="847" height="623" frameX="-7" frameY="-314" frameWidth="875" frameHeight="963" />
	<SubTexture name="sound system0064" x="0" y="1757" width="847" height="623" frameX="-7" frameY="-314" frameWidth="875" frameHeight="963" />
</TextureAtlas>
