﻿{"ATLAS":{"SPRITES":[{"SPRITE":{"name":"0000","x":0,"y":759,"w":202,"h":35,"rotated":false}},{"SPRITE":{"name":"0001","x":1440,"y":1875,"w":373,"h":408,"rotated":false}},{"SPRITE":{"name":"0002","x":2089,"y":1888,"w":316,"h":428,"rotated":false}},{"SPRITE":{"name":"0003","x":1349,"y":457,"w":218,"h":40,"rotated":false}},{"SPRITE":{"name":"0004","x":202,"y":759,"w":86,"h":41,"rotated":false}},{"SPRITE":{"name":"0005","x":4071,"y":0,"w":11,"h":11,"rotated":false}},{"SPRITE":{"name":"0006","x":4082,"y":0,"w":9,"h":7,"rotated":false}},{"SPRITE":{"name":"0007","x":2477,"y":1663,"w":309,"h":645,"rotated":false}},{"SPRITE":{"name":"0008","x":3372,"y":0,"w":564,"h":519,"rotated":false}},{"SPRITE":{"name":"0009","x":494,"y":965,"w":546,"h":434,"rotated":false}},{"SPRITE":{"name":"0010","x":464,"y":310,"w":536,"h":522,"rotated":false}},{"SPRITE":{"name":"0011","x":0,"y":0,"w":464,"h":759,"rotated":false}},{"SPRITE":{"name":"0012","x":3247,"y":2182,"w":418,"h":306,"rotated":false}},{"SPRITE":{"name":"0013","x":0,"y":2404,"w":390,"h":219,"rotated":false}},{"SPRITE":{"name":"0014","x":4091,"y":0,"w":5,"h":3,"rotated":false}},{"SPRITE":{"name":"0015","x":2405,"y":2308,"w":464,"h":254,"rotated":false}},{"SPRITE":{"name":"0016","x":705,"y":2080,"w":391,"h":366,"rotated":false}},{"SPRITE":{"name":"0017","x":0,"y":2102,"w":431,"h":302,"rotated":false}},{"SPRITE":{"name":"0018","x":3886,"y":519,"w":186,"h":215,"rotated":false}},{"SPRITE":{"name":"0019","x":1480,"y":965,"w":97,"h":114,"rotated":false}},{"SPRITE":{"name":"0020","x":1635,"y":2437,"w":338,"h":242,"rotated":false}},{"SPRITE":{"name":"0021","x":3936,"y":109,"w":109,"h":128,"rotated":false}},{"SPRITE":{"name":"0022","x":3076,"y":824,"w":289,"h":156,"rotated":false}},{"SPRITE":{"name":"0023","x":765,"y":832,"w":187,"h":133,"rotated":false}},{"SPRITE":{"name":"0024","x":3936,"y":0,"w":135,"h":109,"rotated":false}},{"SPRITE":{"name":"0025","x":3915,"y":1345,"w":116,"h":91,"rotated":false}},{"SPRITE":{"name":"0026","x":3936,"y":449,"w":129,"h":66,"rotated":false}},{"SPRITE":{"name":"0027","x":2088,"y":502,"w":105,"h":86,"rotated":false}},{"SPRITE":{"name":"0028","x":494,"y":832,"w":271,"h":133,"rotated":false}},{"SPRITE":{"name":"0029","x":1349,"y":310,"w":219,"h":147,"rotated":false}},{"SPRITE":{"name":"0030","x":4045,"y":109,"w":44,"h":30,"rotated":false}},{"SPRITE":{"name":"0031","x":1000,"y":502,"w":597,"h":463,"rotated":false}},{"SPRITE":{"name":"0032","x":1480,"y":1081,"w":660,"h":335,"rotated":false}},{"SPRITE":{"name":"0033","x":702,"y":1492,"w":605,"h":334,"rotated":false}},{"SPRITE":{"name":"0034","x":1096,"y":2283,"w":539,"h":232,"rotated":false}},{"SPRITE":{"name":"0035","x":3247,"y":1872,"w":579,"h":310,"rotated":false}},{"SPRITE":{"name":"0036","x":0,"y":1826,"w":705,"h":276,"rotated":false}},{"SPRITE":{"name":"0037","x":3238,"y":1299,"w":677,"h":311,"rotated":false}},{"SPRITE":{"name":"0038","x":0,"y":1399,"w":702,"h":299,"rotated":false}},{"SPRITE":{"name":"0039","x":3238,"y":1610,"w":800,"h":262,"rotated":false}},{"SPRITE":{"name":"0040","x":705,"y":1826,"w":735,"h":254,"rotated":false}},{"SPRITE":{"name":"0041","x":3076,"y":1002,"w":755,"h":297,"rotated":false}},{"SPRITE":{"name":"0042","x":1937,"y":1518,"w":540,"h":370,"rotated":false}},{"SPRITE":{"name":"0043","x":2140,"y":1081,"w":500,"h":437,"rotated":false}},{"SPRITE":{"name":"0044","x":3372,"y":519,"w":514,"h":483,"rotated":false}},{"SPRITE":{"name":"0045","x":1581,"y":0,"w":686,"h":502,"rotated":false}},{"SPRITE":{"name":"0046","x":1597,"y":502,"w":491,"h":538,"rotated":false}},{"SPRITE":{"name":"0047","x":2640,"y":1299,"w":598,"h":364,"rotated":false}},{"SPRITE":{"name":"0048","x":1040,"y":965,"w":440,"h":527,"rotated":false}},{"SPRITE":{"name":"0049","x":2786,"y":1872,"w":461,"h":400,"rotated":false}},{"SPRITE":{"name":"0050","x":1480,"y":1416,"w":457,"h":459,"rotated":false}},{"SPRITE":{"name":"0051","x":1000,"y":310,"w":349,"h":187,"rotated":false}},{"SPRITE":{"name":"0052","x":3826,"y":1872,"w":236,"h":161,"rotated":false}},{"SPRITE":{"name":"0053","x":2786,"y":1663,"w":362,"h":193,"rotated":false}},{"SPRITE":{"name":"0054","x":3936,"y":237,"w":120,"h":112,"rotated":false}},{"SPRITE":{"name":"0055","x":3826,"y":2033,"w":252,"h":139,"rotated":false}},{"SPRITE":{"name":"0056","x":2640,"y":1081,"w":397,"h":199,"rotated":false}},{"SPRITE":{"name":"0057","x":3886,"y":734,"w":195,"h":142,"rotated":false}},{"SPRITE":{"name":"0058","x":2869,"y":2272,"w":330,"h":256,"rotated":false}},{"SPRITE":{"name":"0059","x":3915,"y":1242,"w":167,"h":103,"rotated":false}},{"SPRITE":{"name":"0060","x":3886,"y":876,"w":178,"h":107,"rotated":false}},{"SPRITE":{"name":"0061","x":3076,"y":590,"w":269,"h":234,"rotated":false}},{"SPRITE":{"name":"0062","x":3936,"y":349,"w":112,"h":100,"rotated":false}},{"SPRITE":{"name":"0063","x":1813,"y":1888,"w":276,"h":549,"rotated":false}},{"SPRITE":{"name":"0064","x":702,"y":1399,"w":204,"h":85,"rotated":false}},{"SPRITE":{"name":"0065","x":3915,"y":1436,"w":85,"h":117,"rotated":false}},{"SPRITE":{"name":"0066","x":3665,"y":2182,"w":357,"h":283,"rotated":false}},{"SPRITE":{"name":"0067","x":3831,"y":1002,"w":243,"h":240,"rotated":false}},{"SPRITE":{"name":"0068","x":2088,"y":590,"w":494,"h":491,"rotated":false}},{"SPRITE":{"name":"0069","x":2582,"y":590,"w":494,"h":491,"rotated":false}},{"SPRITE":{"name":"0070","x":0,"y":832,"w":494,"h":491,"rotated":false}},{"SPRITE":{"name":"0071","x":464,"y":0,"w":1117,"h":310,"rotated":false}},{"SPRITE":{"name":"0072","x":2267,"y":0,"w":1105,"h":295,"rotated":false}},{"SPRITE":{"name":"0073","x":2267,"y":295,"w":1105,"h":295,"rotated":false}}]},"meta":{"app":"Adobe Animate","version":"24.0.4.28","image":"spritemap1.png","format":"RGBA8888","size":{"w":4096,"h":2679},"resolution":"1"}}
