﻿<?xml version="1.0" encoding="utf-8"?>
<TextureAtlas imagePath="resultGirlfriendGOOD.png">
	<SubTexture name="Girlfriend Good Anim0000" x="4" y="4" width="222" height="226" frameX="-42" frameY="-128" frameWidth="264" frameHeight="354"/>
	<SubTexture name="Girlfriend Good Anim0001" x="230" y="4" width="210" height="290" frameX="-18" frameY="-45" frameWidth="264" frameHeight="354"/>
	<SubTexture name="Girlfriend Good Anim0002" x="230" y="4" width="210" height="290" frameX="-18" frameY="-45" frameWidth="264" frameHeight="354"/>
	<SubTexture name="Girlfriend Good Anim0003" x="444" y="4" width="210" height="290" frameX="0" frameY="0" frameWidth="264" frameHeight="354"/>
	<SubTexture name="Girlfriend Good Anim0004" x="444" y="4" width="210" height="290" frameX="0" frameY="0" frameWidth="264" frameHeight="354"/>
	<SubTexture name="Girlfriend Good Anim0005" x="658" y="4" width="210" height="290" frameX="-1" frameY="-3" frameWidth="264" frameHeight="354"/>
	<SubTexture name="Girlfriend Good Anim0006" x="658" y="4" width="210" height="290" frameX="-1" frameY="-3" frameWidth="264" frameHeight="354"/>
	<SubTexture name="Girlfriend Good Anim0007" x="4" y="298" width="210" height="290" frameX="-6" frameY="-15" frameWidth="264" frameHeight="354"/>
	<SubTexture name="Girlfriend Good Anim0008" x="218" y="298" width="210" height="290" frameX="-6" frameY="-15" frameWidth="264" frameHeight="354"/>
	<SubTexture name="Girlfriend Good Anim0009" x="432" y="298" width="209" height="290" frameX="-6" frameY="-12" frameWidth="264" frameHeight="354"/>
	<SubTexture name="Girlfriend Good Anim0010" x="645" y="298" width="209" height="290" frameX="-6" frameY="-12" frameWidth="264" frameHeight="354"/>
	<SubTexture name="Girlfriend Good Anim0011" x="4" y="592" width="209" height="290" frameX="-6" frameY="-12" frameWidth="264" frameHeight="354"/>
	<SubTexture name="Girlfriend Good Anim0012" x="4" y="592" width="209" height="290" frameX="-6" frameY="-12" frameWidth="264" frameHeight="354"/>
	<SubTexture name="Girlfriend Good Anim0013" x="217" y="592" width="209" height="290" frameX="-6" frameY="-12" frameWidth="264" frameHeight="354"/>
	<SubTexture name="Girlfriend Good Anim0014" x="432" y="298" width="209" height="290" frameX="-6" frameY="-12" frameWidth="264" frameHeight="354"/>
	<SubTexture name="Girlfriend Good Anim0015" x="432" y="298" width="209" height="290" frameX="-6" frameY="-12" frameWidth="264" frameHeight="354"/>
	<SubTexture name="Girlfriend Good Anim0016" x="645" y="298" width="209" height="290" frameX="-6" frameY="-12" frameWidth="264" frameHeight="354"/>
	<SubTexture name="Girlfriend Good Anim0017" x="4" y="592" width="209" height="290" frameX="-6" frameY="-12" frameWidth="264" frameHeight="354"/>
	<SubTexture name="Girlfriend Good Anim0018" x="4" y="592" width="209" height="290" frameX="-6" frameY="-12" frameWidth="264" frameHeight="354"/>
	<SubTexture name="Girlfriend Good Anim0019" x="217" y="592" width="209" height="290" frameX="-6" frameY="-12" frameWidth="264" frameHeight="354"/>
	<SubTexture name="Girlfriend Good Anim0020" x="432" y="298" width="209" height="290" frameX="-6" frameY="-12" frameWidth="264" frameHeight="354"/>
	<SubTexture name="Girlfriend Good Anim0021" x="432" y="298" width="209" height="290" frameX="-6" frameY="-12" frameWidth="264" frameHeight="354"/>
	<SubTexture name="Girlfriend Good Anim0022" x="645" y="298" width="209" height="290" frameX="-6" frameY="-12" frameWidth="264" frameHeight="354"/>
	<SubTexture name="Girlfriend Good Anim0023" x="4" y="592" width="209" height="290" frameX="-6" frameY="-12" frameWidth="264" frameHeight="354"/>
	<SubTexture name="Girlfriend Good Anim0024" x="4" y="592" width="209" height="290" frameX="-6" frameY="-12" frameWidth="264" frameHeight="354"/>
	<SubTexture name="Girlfriend Good Anim0025" x="217" y="592" width="209" height="290" frameX="-6" frameY="-12" frameWidth="264" frameHeight="354"/>
	<SubTexture name="Girlfriend Good Anim0026" x="432" y="298" width="209" height="290" frameX="-6" frameY="-12" frameWidth="264" frameHeight="354"/>
	<SubTexture name="Girlfriend Good Anim0027" x="432" y="298" width="209" height="290" frameX="-6" frameY="-12" frameWidth="264" frameHeight="354"/>
	<SubTexture name="Girlfriend Good Anim0028" x="645" y="298" width="209" height="290" frameX="-6" frameY="-12" frameWidth="264" frameHeight="354"/>
	<SubTexture name="Girlfriend Good Anim0029" x="4" y="592" width="209" height="290" frameX="-6" frameY="-12" frameWidth="264" frameHeight="354"/>
	<SubTexture name="Girlfriend Good Anim0030" x="4" y="592" width="209" height="290" frameX="-6" frameY="-12" frameWidth="264" frameHeight="354"/>
	<SubTexture name="Girlfriend Good Anim0031" x="217" y="592" width="209" height="290" frameX="-6" frameY="-12" frameWidth="264" frameHeight="354"/>
	<SubTexture name="Girlfriend Good Anim0032" x="432" y="298" width="209" height="290" frameX="-6" frameY="-12" frameWidth="264" frameHeight="354"/>
	<SubTexture name="Girlfriend Good Anim0033" x="432" y="298" width="209" height="290" frameX="-6" frameY="-12" frameWidth="264" frameHeight="354"/>
	<SubTexture name="Girlfriend Good Anim0034" x="645" y="298" width="209" height="290" frameX="-6" frameY="-12" frameWidth="264" frameHeight="354"/>
	<SubTexture name="Girlfriend Good Anim0035" x="4" y="592" width="209" height="290" frameX="-6" frameY="-12" frameWidth="264" frameHeight="354"/>
	<SubTexture name="Girlfriend Good Anim0036" x="4" y="592" width="209" height="290" frameX="-6" frameY="-12" frameWidth="264" frameHeight="354"/>
	<SubTexture name="Girlfriend Good Anim0037" x="217" y="592" width="209" height="290" frameX="-6" frameY="-12" frameWidth="264" frameHeight="354"/>
	<SubTexture name="Girlfriend Good Anim0038" x="432" y="298" width="209" height="290" frameX="-6" frameY="-12" frameWidth="264" frameHeight="354"/>
	<SubTexture name="Girlfriend Good Anim0039" x="432" y="298" width="209" height="290" frameX="-6" frameY="-12" frameWidth="264" frameHeight="354"/>
	<SubTexture name="Girlfriend Good Anim0040" x="645" y="298" width="209" height="290" frameX="-6" frameY="-12" frameWidth="264" frameHeight="354"/>
	<SubTexture name="Girlfriend Good Anim0041" x="4" y="592" width="209" height="290" frameX="-6" frameY="-12" frameWidth="264" frameHeight="354"/>
	<SubTexture name="Girlfriend Good Anim0042" x="4" y="592" width="209" height="290" frameX="-6" frameY="-12" frameWidth="264" frameHeight="354"/>
	<SubTexture name="Girlfriend Good Anim0043" x="217" y="592" width="209" height="290" frameX="-6" frameY="-12" frameWidth="264" frameHeight="354"/>
	<SubTexture name="Girlfriend Good Anim0044" x="432" y="298" width="209" height="290" frameX="-6" frameY="-12" frameWidth="264" frameHeight="354"/>
	<SubTexture name="Girlfriend Good Anim0045" x="432" y="298" width="209" height="290" frameX="-6" frameY="-12" frameWidth="264" frameHeight="354"/>
	<SubTexture name="Girlfriend Good Anim0046" x="645" y="298" width="209" height="290" frameX="-6" frameY="-12" frameWidth="264" frameHeight="354"/>
	<SubTexture name="Girlfriend Good Anim0047" x="4" y="592" width="209" height="290" frameX="-6" frameY="-12" frameWidth="264" frameHeight="354"/>
	<SubTexture name="Girlfriend Good Anim0048" x="4" y="592" width="209" height="290" frameX="-6" frameY="-12" frameWidth="264" frameHeight="354"/>
	<SubTexture name="Girlfriend Good Anim0049" x="217" y="592" width="209" height="290" frameX="-6" frameY="-12" frameWidth="264" frameHeight="354"/>
	<SubTexture name="Girlfriend Good Anim0050" x="432" y="298" width="209" height="290" frameX="-6" frameY="-12" frameWidth="264" frameHeight="354"/>
	<SubTexture name="Girlfriend Good Anim0051" x="432" y="298" width="209" height="290" frameX="-6" frameY="-12" frameWidth="264" frameHeight="354"/>
</TextureAtlas>
