﻿{"ATLAS":{"SPRITES":[{"SPRITE":{"name":"0000","x":0,"y":0,"w":946,"h":771,"rotated":false}},{"SPRITE":{"name":"0001","x":0,"y":927,"w":145,"h":103,"rotated":false}},{"SPRITE":{"name":"0002","x":2571,"y":786,"w":105,"h":218,"rotated":false}},{"SPRITE":{"name":"0003","x":4015,"y":499,"w":60,"h":174,"rotated":false}},{"SPRITE":{"name":"0004","x":690,"y":919,"w":133,"h":114,"rotated":false}},{"SPRITE":{"name":"0005","x":3218,"y":962,"w":82,"h":72,"rotated":false}},{"SPRITE":{"name":"0006","x":4008,"y":880,"w":84,"h":146,"rotated":false}},{"SPRITE":{"name":"0007","x":2453,"y":925,"w":102,"h":113,"rotated":false}},{"SPRITE":{"name":"0008","x":1691,"y":954,"w":131,"h":107,"rotated":false}},{"SPRITE":{"name":"0009","x":1081,"y":829,"w":130,"h":156,"rotated":false}},{"SPRITE":{"name":"0010","x":1416,"y":992,"w":82,"h":63,"rotated":false}},{"SPRITE":{"name":"0011","x":3857,"y":880,"w":151,"h":121,"rotated":false}},{"SPRITE":{"name":"0012","x":3174,"y":833,"w":136,"h":129,"rotated":false}},{"SPRITE":{"name":"0013","x":447,"y":922,"w":90,"h":133,"rotated":false}},{"SPRITE":{"name":"0014","x":412,"y":771,"w":164,"h":151,"rotated":false}},{"SPRITE":{"name":"0015","x":2555,"y":1004,"w":90,"h":55,"rotated":false}},{"SPRITE":{"name":"0016","x":946,"y":0,"w":879,"h":752,"rotated":false}},{"SPRITE":{"name":"0017","x":4048,"y":285,"w":48,"h":33,"rotated":false}},{"SPRITE":{"name":"0018","x":1929,"y":865,"w":40,"h":44,"rotated":false}},{"SPRITE":{"name":"0019","x":1988,"y":596,"w":38,"h":50,"rotated":false}},{"SPRITE":{"name":"0020","x":4015,"y":795,"w":77,"h":69,"rotated":false}},{"SPRITE":{"name":"0021","x":2676,"y":786,"w":146,"h":148,"rotated":false}},{"SPRITE":{"name":"0022","x":768,"y":771,"w":156,"h":148,"rotated":false}},{"SPRITE":{"name":"0023","x":3568,"y":979,"w":62,"h":84,"rotated":false}},{"SPRITE":{"name":"0024","x":241,"y":989,"w":62,"h":84,"rotated":false}},{"SPRITE":{"name":"0025","x":2296,"y":1021,"w":79,"h":61,"rotated":false}},{"SPRITE":{"name":"0026","x":2821,"y":1027,"w":79,"h":61,"rotated":false}},{"SPRITE":{"name":"0027","x":2822,"y":929,"w":145,"h":98,"rotated":false}},{"SPRITE":{"name":"0028","x":2676,"y":934,"w":145,"h":98,"rotated":false}},{"SPRITE":{"name":"0029","x":2413,"y":613,"w":205,"h":167,"rotated":false}},{"SPRITE":{"name":"0030","x":2618,"y":619,"w":205,"h":167,"rotated":false}},{"SPRITE":{"name":"0031","x":1070,"y":985,"w":96,"h":72,"rotated":false}},{"SPRITE":{"name":"0032","x":145,"y":989,"w":96,"h":72,"rotated":false}},{"SPRITE":{"name":"0033","x":3789,"y":261,"w":53,"h":41,"rotated":false}},{"SPRITE":{"name":"0034","x":3531,"y":522,"w":49,"h":41,"rotated":false}},{"SPRITE":{"name":"0035","x":1929,"y":824,"w":49,"h":41,"rotated":false}},{"SPRITE":{"name":"0036","x":3704,"y":849,"w":153,"h":129,"rotated":false}},{"SPRITE":{"name":"0037","x":3495,"y":850,"w":153,"h":129,"rotated":false}},{"SPRITE":{"name":"0038","x":1498,"y":992,"w":61,"h":76,"rotated":false}},{"SPRITE":{"name":"0039","x":2375,"y":1021,"w":61,"h":76,"rotated":false}},{"SPRITE":{"name":"0040","x":2413,"y":547,"w":86,"h":63,"rotated":false}},{"SPRITE":{"name":"0041","x":1211,"y":960,"w":122,"h":94,"rotated":false}},{"SPRITE":{"name":"0042","x":1333,"y":960,"w":83,"h":80,"rotated":false}},{"SPRITE":{"name":"0043","x":1573,"y":907,"w":118,"h":140,"rotated":false}},{"SPRITE":{"name":"0044","x":3432,"y":979,"w":136,"h":53,"rotated":false}},{"SPRITE":{"name":"0045","x":4003,"y":321,"w":86,"h":178,"rotated":false}},{"SPRITE":{"name":"0046","x":1598,"y":752,"w":174,"h":155,"rotated":false}},{"SPRITE":{"name":"0047","x":946,"y":752,"w":404,"h":77,"rotated":false}},{"SPRITE":{"name":"0048","x":2823,"y":729,"w":47,"h":37,"rotated":false}},{"SPRITE":{"name":"0049","x":2726,"y":292,"w":19,"h":11,"rotated":false}},{"SPRITE":{"name":"0050","x":3112,"y":962,"w":106,"h":99,"rotated":false}},{"SPRITE":{"name":"0051","x":3876,"y":585,"w":139,"h":295,"rotated":false}},{"SPRITE":{"name":"0052","x":3176,"y":604,"w":144,"h":229,"rotated":false}},{"SPRITE":{"name":"0053","x":3807,"y":1026,"w":247,"h":31,"rotated":false}},{"SPRITE":{"name":"0054","x":1988,"y":806,"w":210,"h":107,"rotated":false}},{"SPRITE":{"name":"0055","x":3704,"y":585,"w":172,"h":264,"rotated":false}},{"SPRITE":{"name":"0056","x":3531,"y":582,"w":173,"h":268,"rotated":false}},{"SPRITE":{"name":"0057","x":2234,"y":547,"w":179,"h":263,"rotated":false}},{"SPRITE":{"name":"0058","x":2991,"y":769,"w":183,"h":143,"rotated":false}},{"SPRITE":{"name":"0059","x":576,"y":771,"w":192,"h":124,"rotated":false}},{"SPRITE":{"name":"0060","x":2198,"y":810,"w":193,"h":108,"rotated":false}},{"SPRITE":{"name":"0061","x":576,"y":895,"w":114,"h":145,"rotated":false}},{"SPRITE":{"name":"0062","x":2413,"y":780,"w":158,"h":145,"rotated":false}},{"SPRITE":{"name":"0063","x":3320,"y":787,"w":175,"h":130,"rotated":false}},{"SPRITE":{"name":"0064","x":2900,"y":1027,"w":70,"h":65,"rotated":false}},{"SPRITE":{"name":"0065","x":163,"y":872,"w":163,"h":117,"rotated":false}},{"SPRITE":{"name":"0066","x":2173,"y":918,"w":123,"h":124,"rotated":false}},{"SPRITE":{"name":"0067","x":3310,"y":917,"w":122,"h":126,"rotated":false}},{"SPRITE":{"name":"0068","x":1772,"y":824,"w":157,"h":130,"rotated":false}},{"SPRITE":{"name":"0069","x":924,"y":829,"w":157,"h":130,"rotated":false}},{"SPRITE":{"name":"0070","x":1420,"y":866,"w":153,"h":126,"rotated":false}},{"SPRITE":{"name":"0071","x":2991,"y":912,"w":121,"h":134,"rotated":false}},{"SPRITE":{"name":"0072","x":326,"y":922,"w":121,"h":125,"rotated":false}},{"SPRITE":{"name":"0073","x":1929,"y":913,"w":122,"h":131,"rotated":false}},{"SPRITE":{"name":"0074","x":2051,"y":913,"w":122,"h":131,"rotated":false}},{"SPRITE":{"name":"0075","x":3789,"y":302,"w":29,"h":17,"rotated":false}},{"SPRITE":{"name":"0076","x":4048,"y":175,"w":42,"h":110,"rotated":false}},{"SPRITE":{"name":"0077","x":1211,"y":866,"w":209,"h":94,"rotated":false}},{"SPRITE":{"name":"0078","x":1825,"y":596,"w":163,"h":228,"rotated":false}},{"SPRITE":{"name":"0079","x":1988,"y":711,"w":25,"h":32,"rotated":false}},{"SPRITE":{"name":"0080","x":1988,"y":646,"w":30,"h":33,"rotated":false}},{"SPRITE":{"name":"0081","x":1988,"y":679,"w":29,"h":32,"rotated":false}},{"SPRITE":{"name":"0082","x":4015,"y":673,"w":81,"h":122,"rotated":false}},{"SPRITE":{"name":"0083","x":823,"y":919,"w":95,"h":139,"rotated":false}},{"SPRITE":{"name":"0084","x":2704,"y":292,"w":22,"h":11,"rotated":false}},{"SPRITE":{"name":"0085","x":4075,"y":499,"w":14,"h":22,"rotated":false}},{"SPRITE":{"name":"0086","x":3648,"y":850,"w":44,"h":41,"rotated":false}},{"SPRITE":{"name":"0087","x":4048,"y":0,"w":37,"h":175,"rotated":false}},{"SPRITE":{"name":"0088","x":3833,"y":302,"w":12,"h":17,"rotated":false}},{"SPRITE":{"name":"0089","x":3818,"y":302,"w":15,"h":19,"rotated":false}},{"SPRITE":{"name":"0090","x":4075,"y":521,"w":15,"h":17,"rotated":false}},{"SPRITE":{"name":"0091","x":2296,"y":925,"w":157,"h":96,"rotated":false}},{"SPRITE":{"name":"0092","x":3648,"y":978,"w":159,"h":61,"rotated":false}},{"SPRITE":{"name":"0093","x":918,"y":959,"w":152,"h":86,"rotated":false}},{"SPRITE":{"name":"0094","x":1350,"y":752,"w":248,"h":114,"rotated":false}},{"SPRITE":{"name":"0095","x":2510,"y":292,"w":194,"h":321,"rotated":false}},{"SPRITE":{"name":"0096","x":2704,"y":307,"w":197,"h":312,"rotated":false}},{"SPRITE":{"name":"0097","x":3845,"y":0,"w":203,"h":321,"rotated":false}},{"SPRITE":{"name":"0098","x":3588,"y":261,"w":201,"h":321,"rotated":false}},{"SPRITE":{"name":"0099","x":1825,"y":279,"w":202,"h":317,"rotated":false}},{"SPRITE":{"name":"0100","x":3127,"y":0,"w":204,"h":339,"rotated":false}},{"SPRITE":{"name":"0101","x":2027,"y":541,"w":207,"h":265,"rotated":false}},{"SPRITE":{"name":"0102","x":3115,"y":339,"w":208,"h":265,"rotated":false}},{"SPRITE":{"name":"0103","x":3323,"y":522,"w":208,"h":265,"rotated":false}},{"SPRITE":{"name":"0104","x":3789,"y":321,"w":214,"h":264,"rotated":false}},{"SPRITE":{"name":"0105","x":2272,"y":282,"w":238,"h":265,"rotated":false}},{"SPRITE":{"name":"0106","x":3432,"y":917,"w":60,"h":59,"rotated":false}},{"SPRITE":{"name":"0107","x":2823,"y":769,"w":168,"h":160,"rotated":false}},{"SPRITE":{"name":"0108","x":1772,"y":752,"w":51,"h":70,"rotated":false}},{"SPRITE":{"name":"0109","x":163,"y":771,"w":249,"h":101,"rotated":false}},{"SPRITE":{"name":"0110","x":2027,"y":280,"w":245,"h":261,"rotated":false}},{"SPRITE":{"name":"0111","x":3331,"y":0,"w":257,"h":261,"rotated":false}},{"SPRITE":{"name":"0112","x":3588,"y":0,"w":257,"h":261,"rotated":false}},{"SPRITE":{"name":"0113","x":3331,"y":261,"w":257,"h":261,"rotated":false}},{"SPRITE":{"name":"0114","x":2641,"y":0,"w":250,"h":292,"rotated":false}},{"SPRITE":{"name":"0115","x":2891,"y":0,"w":236,"h":307,"rotated":false}},{"SPRITE":{"name":"0116","x":2374,"y":0,"w":267,"h":282,"rotated":false}},{"SPRITE":{"name":"0117","x":2101,"y":0,"w":273,"h":280,"rotated":false}},{"SPRITE":{"name":"0118","x":1825,"y":0,"w":276,"h":279,"rotated":false}},{"SPRITE":{"name":"0119","x":2901,"y":604,"w":275,"h":165,"rotated":false}},{"SPRITE":{"name":"0120","x":0,"y":771,"w":163,"h":156,"rotated":false}},{"SPRITE":{"name":"0121","x":2901,"y":307,"w":214,"h":287,"rotated":false}},{"SPRITE":{"name":"0122","x":1822,"y":954,"w":102,"h":106,"rotated":false}},{"SPRITE":{"name":"0123","x":823,"y":919,"w":95,"h":139,"rotated":false}},{"SPRITE":{"name":"0124","x":2823,"y":619,"w":58,"h":110,"rotated":false}}]},"meta":{"app":"Adobe Animate","version":"24.0.4.28","image":"spritemap1.png","format":"RGBA8888","size":{"w":4096,"h":1097},"resolution":"1"}}
