{"ANIMATION":{"name":"Nene_assets","SYMBOL_name":"Abot System","TIMELINE":{"LAYERS":[{"Layer_name":"Layer_2","Frames":[{"index":0,"duration":1,"elements":[{"SYMBOL_Instance":{"SYMBOL_name":"abot speaker","Instance_Name":"","symbolType":"graphic","firstFrame":0,"loop":"loop","transformationPoint":{"x":89.0,"y":72.8},"Matrix3D":{"m00":1.0,"m01":0.0,"m02":0.0,"m03":0.0,"m10":0.0,"m11":1.0,"m12":0.0,"m13":0.0,"m20":0.0,"m21":0.0,"m22":1.0,"m23":0.0,"m30":665.95,"m31":43.05,"m32":0.0,"m33":1.0},"DecomposedMatrix":{"Position":{"x":665.95,"y":43.05,"z":0.0},"Rotation":{"x":0.0,"y":-0.0,"z":0.0},"Scaling":{"x":1.0,"y":1.0,"z":1.0}}}},{"SYMBOL_Instance":{"SYMBOL_name":"abot speaker","Instance_Name":"","symbolType":"graphic","firstFrame":0,"loop":"loop","transformationPoint":{"x":89.0,"y":72.8},"Matrix3D":{"m00":-1.0,"m01":0.0,"m02":0.0,"m03":0.0,"m10":0.0,"m11":1.0,"m12":0.0,"m13":0.0,"m20":0.0,"m21":0.0,"m22":1.0,"m23":0.0,"m30":148.8,"m31":36.05,"m32":0.0,"m33":1.0},"DecomposedMatrix":{"Position":{"x":148.8,"y":36.05,"z":0.0},"Rotation":{"x":3.1415927410125734,"y":-0.0,"z":3.1415927410125734},"Scaling":{"x":1.0,"y":1.0,"z":-1.0}}}},{"SYMBOL_Instance":{"SYMBOL_name":"A bot chest boomin","Instance_Name":"","symbolType":"graphic","firstFrame":15,"loop":"loop","transformationPoint":{"x":261.8,"y":167.25},"Matrix3D":{"m00":1.0,"m01":0.0,"m02":0.0,"m03":0.0,"m10":0.0,"m11":1.0,"m12":0.0,"m13":0.0,"m20":0.0,"m21":0.0,"m22":1.0,"m23":0.0,"m30":144.0,"m31":1.9,"m32":0.0,"m33":1.0},"DecomposedMatrix":{"Position":{"x":144.0,"y":1.9,"z":0.0},"Rotation":{"x":0.0,"y":-0.0,"z":0.0},"Scaling":{"x":1.0,"y":1.0,"z":1.0}}}}]},{"index":1,"duration":1,"elements":[{"SYMBOL_Instance":{"SYMBOL_name":"abot speaker","Instance_Name":"","symbolType":"graphic","firstFrame":0,"loop":"loop","transformationPoint":{"x":89.0,"y":72.8},"Matrix3D":{"m00":1.0,"m01":0.0,"m02":0.0,"m03":0.0,"m10":0.0,"m11":1.0,"m12":0.0,"m13":0.0,"m20":0.0,"m21":0.0,"m22":1.0,"m23":0.0,"m30":665.95,"m31":43.05,"m32":0.0,"m33":1.0},"DecomposedMatrix":{"Position":{"x":665.95,"y":43.05,"z":0.0},"Rotation":{"x":0.0,"y":-0.0,"z":0.0},"Scaling":{"x":1.0,"y":1.0,"z":1.0}}}},{"SYMBOL_Instance":{"SYMBOL_name":"abot speaker","Instance_Name":"","symbolType":"graphic","firstFrame":0,"loop":"loop","transformationPoint":{"x":89.0,"y":72.8},"Matrix3D":{"m00":-1.0,"m01":0.0,"m02":0.0,"m03":0.0,"m10":0.0,"m11":1.0,"m12":0.0,"m13":0.0,"m20":0.0,"m21":0.0,"m22":1.0,"m23":0.0,"m30":148.8,"m31":36.05,"m32":0.0,"m33":1.0},"DecomposedMatrix":{"Position":{"x":148.8,"y":36.05,"z":0.0},"Rotation":{"x":3.1415927410125734,"y":-0.0,"z":3.1415927410125734},"Scaling":{"x":1.0,"y":1.0,"z":-1.0}}}},{"SYMBOL_Instance":{"SYMBOL_name":"A bot chest boomin","Instance_Name":"","symbolType":"graphic","firstFrame":0,"loop":"loop","transformationPoint":{"x":261.8,"y":167.25},"Matrix3D":{"m00":1.0,"m01":0.0,"m02":0.0,"m03":0.0,"m10":0.0,"m11":1.0,"m12":0.0,"m13":0.0,"m20":0.0,"m21":0.0,"m22":1.0,"m23":0.0,"m30":144.0,"m31":1.9,"m32":0.0,"m33":1.0},"DecomposedMatrix":{"Position":{"x":144.0,"y":1.9,"z":0.0},"Rotation":{"x":0.0,"y":-0.0,"z":0.0},"Scaling":{"x":1.0,"y":1.0,"z":1.0}}}}]},{"index":2,"duration":1,"elements":[{"SYMBOL_Instance":{"SYMBOL_name":"abot speaker","Instance_Name":"","symbolType":"graphic","firstFrame":1,"loop":"loop","transformationPoint":{"x":89.0,"y":72.8},"Matrix3D":{"m00":1.0,"m01":0.0,"m02":0.0,"m03":0.0,"m10":0.0,"m11":1.0,"m12":0.0,"m13":0.0,"m20":0.0,"m21":0.0,"m22":1.0,"m23":0.0,"m30":665.95,"m31":43.05,"m32":0.0,"m33":1.0},"DecomposedMatrix":{"Position":{"x":665.95,"y":43.05,"z":0.0},"Rotation":{"x":0.0,"y":-0.0,"z":0.0},"Scaling":{"x":1.0,"y":1.0,"z":1.0}}}},{"SYMBOL_Instance":{"SYMBOL_name":"abot speaker","Instance_Name":"","symbolType":"graphic","firstFrame":1,"loop":"loop","transformationPoint":{"x":89.0,"y":72.8},"Matrix3D":{"m00":-1.0,"m01":0.0,"m02":0.0,"m03":0.0,"m10":0.0,"m11":1.0,"m12":0.0,"m13":0.0,"m20":0.0,"m21":0.0,"m22":1.0,"m23":0.0,"m30":148.8,"m31":36.05,"m32":0.0,"m33":1.0},"DecomposedMatrix":{"Position":{"x":148.8,"y":36.05,"z":0.0},"Rotation":{"x":3.1415927410125734,"y":-0.0,"z":3.1415927410125734},"Scaling":{"x":1.0,"y":1.0,"z":-1.0}}}},{"SYMBOL_Instance":{"SYMBOL_name":"A bot chest boomin","Instance_Name":"","symbolType":"graphic","firstFrame":1,"loop":"loop","transformationPoint":{"x":261.8,"y":167.25},"Matrix3D":{"m00":1.0,"m01":0.0,"m02":0.0,"m03":0.0,"m10":0.0,"m11":1.0,"m12":0.0,"m13":0.0,"m20":0.0,"m21":0.0,"m22":1.0,"m23":0.0,"m30":144.0,"m31":1.9,"m32":0.0,"m33":1.0},"DecomposedMatrix":{"Position":{"x":144.0,"y":1.9,"z":0.0},"Rotation":{"x":0.0,"y":-0.0,"z":0.0},"Scaling":{"x":1.0,"y":1.0,"z":1.0}}}}]},{"index":3,"duration":1,"elements":[{"SYMBOL_Instance":{"SYMBOL_name":"abot speaker","Instance_Name":"","symbolType":"graphic","firstFrame":2,"loop":"loop","transformationPoint":{"x":89.0,"y":72.8},"Matrix3D":{"m00":1.0,"m01":0.0,"m02":0.0,"m03":0.0,"m10":0.0,"m11":1.0,"m12":0.0,"m13":0.0,"m20":0.0,"m21":0.0,"m22":1.0,"m23":0.0,"m30":665.95,"m31":43.05,"m32":0.0,"m33":1.0},"DecomposedMatrix":{"Position":{"x":665.95,"y":43.05,"z":0.0},"Rotation":{"x":0.0,"y":-0.0,"z":0.0},"Scaling":{"x":1.0,"y":1.0,"z":1.0}}}},{"SYMBOL_Instance":{"SYMBOL_name":"abot speaker","Instance_Name":"","symbolType":"graphic","firstFrame":2,"loop":"loop","transformationPoint":{"x":89.0,"y":72.8},"Matrix3D":{"m00":-1.0,"m01":0.0,"m02":0.0,"m03":0.0,"m10":0.0,"m11":1.0,"m12":0.0,"m13":0.0,"m20":0.0,"m21":0.0,"m22":1.0,"m23":0.0,"m30":148.8,"m31":36.05,"m32":0.0,"m33":1.0},"DecomposedMatrix":{"Position":{"x":148.8,"y":36.05,"z":0.0},"Rotation":{"x":3.1415927410125734,"y":-0.0,"z":3.1415927410125734},"Scaling":{"x":1.0,"y":1.0,"z":-1.0}}}},{"SYMBOL_Instance":{"SYMBOL_name":"A bot chest boomin","Instance_Name":"","symbolType":"graphic","firstFrame":2,"loop":"loop","transformationPoint":{"x":261.8,"y":167.25},"Matrix3D":{"m00":1.0,"m01":0.0,"m02":0.0,"m03":0.0,"m10":0.0,"m11":1.0,"m12":0.0,"m13":0.0,"m20":0.0,"m21":0.0,"m22":1.0,"m23":0.0,"m30":144.0,"m31":1.9,"m32":0.0,"m33":1.0},"DecomposedMatrix":{"Position":{"x":144.0,"y":1.9,"z":0.0},"Rotation":{"x":0.0,"y":-0.0,"z":0.0},"Scaling":{"x":1.0,"y":1.0,"z":1.0}}}}]},{"index":4,"duration":1,"elements":[{"SYMBOL_Instance":{"SYMBOL_name":"abot speaker","Instance_Name":"","symbolType":"graphic","firstFrame":3,"loop":"loop","transformationPoint":{"x":89.0,"y":72.8},"Matrix3D":{"m00":1.0,"m01":0.0,"m02":0.0,"m03":0.0,"m10":0.0,"m11":1.0,"m12":0.0,"m13":0.0,"m20":0.0,"m21":0.0,"m22":1.0,"m23":0.0,"m30":665.95,"m31":43.05,"m32":0.0,"m33":1.0},"DecomposedMatrix":{"Position":{"x":665.95,"y":43.05,"z":0.0},"Rotation":{"x":0.0,"y":-0.0,"z":0.0},"Scaling":{"x":1.0,"y":1.0,"z":1.0}}}},{"SYMBOL_Instance":{"SYMBOL_name":"abot speaker","Instance_Name":"","symbolType":"graphic","firstFrame":3,"loop":"loop","transformationPoint":{"x":89.0,"y":72.8},"Matrix3D":{"m00":-1.0,"m01":0.0,"m02":0.0,"m03":0.0,"m10":0.0,"m11":1.0,"m12":0.0,"m13":0.0,"m20":0.0,"m21":0.0,"m22":1.0,"m23":0.0,"m30":148.8,"m31":36.05,"m32":0.0,"m33":1.0},"DecomposedMatrix":{"Position":{"x":148.8,"y":36.05,"z":0.0},"Rotation":{"x":3.1415927410125734,"y":-0.0,"z":3.1415927410125734},"Scaling":{"x":1.0,"y":1.0,"z":-1.0}}}},{"SYMBOL_Instance":{"SYMBOL_name":"A bot chest boomin","Instance_Name":"","symbolType":"graphic","firstFrame":3,"loop":"loop","transformationPoint":{"x":261.8,"y":167.25},"Matrix3D":{"m00":1.0,"m01":0.0,"m02":0.0,"m03":0.0,"m10":0.0,"m11":1.0,"m12":0.0,"m13":0.0,"m20":0.0,"m21":0.0,"m22":1.0,"m23":0.0,"m30":144.0,"m31":1.9,"m32":0.0,"m33":1.0},"DecomposedMatrix":{"Position":{"x":144.0,"y":1.9,"z":0.0},"Rotation":{"x":0.0,"y":-0.0,"z":0.0},"Scaling":{"x":1.0,"y":1.0,"z":1.0}}}}]},{"index":5,"duration":1,"elements":[{"SYMBOL_Instance":{"SYMBOL_name":"abot speaker","Instance_Name":"","symbolType":"graphic","firstFrame":4,"loop":"loop","transformationPoint":{"x":89.0,"y":72.8},"Matrix3D":{"m00":1.0,"m01":0.0,"m02":0.0,"m03":0.0,"m10":0.0,"m11":1.0,"m12":0.0,"m13":0.0,"m20":0.0,"m21":0.0,"m22":1.0,"m23":0.0,"m30":665.95,"m31":43.05,"m32":0.0,"m33":1.0},"DecomposedMatrix":{"Position":{"x":665.95,"y":43.05,"z":0.0},"Rotation":{"x":0.0,"y":-0.0,"z":0.0},"Scaling":{"x":1.0,"y":1.0,"z":1.0}}}},{"SYMBOL_Instance":{"SYMBOL_name":"abot speaker","Instance_Name":"","symbolType":"graphic","firstFrame":4,"loop":"loop","transformationPoint":{"x":89.0,"y":72.8},"Matrix3D":{"m00":-1.0,"m01":0.0,"m02":0.0,"m03":0.0,"m10":0.0,"m11":1.0,"m12":0.0,"m13":0.0,"m20":0.0,"m21":0.0,"m22":1.0,"m23":0.0,"m30":148.8,"m31":36.05,"m32":0.0,"m33":1.0},"DecomposedMatrix":{"Position":{"x":148.8,"y":36.05,"z":0.0},"Rotation":{"x":3.1415927410125734,"y":-0.0,"z":3.1415927410125734},"Scaling":{"x":1.0,"y":1.0,"z":-1.0}}}},{"SYMBOL_Instance":{"SYMBOL_name":"A bot chest boomin","Instance_Name":"","symbolType":"graphic","firstFrame":4,"loop":"loop","transformationPoint":{"x":261.8,"y":167.25},"Matrix3D":{"m00":1.0,"m01":0.0,"m02":0.0,"m03":0.0,"m10":0.0,"m11":1.0,"m12":0.0,"m13":0.0,"m20":0.0,"m21":0.0,"m22":1.0,"m23":0.0,"m30":144.0,"m31":1.9,"m32":0.0,"m33":1.0},"DecomposedMatrix":{"Position":{"x":144.0,"y":1.9,"z":0.0},"Rotation":{"x":0.0,"y":-0.0,"z":0.0},"Scaling":{"x":1.0,"y":1.0,"z":1.0}}}}]},{"index":6,"duration":1,"elements":[{"SYMBOL_Instance":{"SYMBOL_name":"abot speaker","Instance_Name":"","symbolType":"graphic","firstFrame":5,"loop":"loop","transformationPoint":{"x":89.0,"y":72.8},"Matrix3D":{"m00":1.0,"m01":0.0,"m02":0.0,"m03":0.0,"m10":0.0,"m11":1.0,"m12":0.0,"m13":0.0,"m20":0.0,"m21":0.0,"m22":1.0,"m23":0.0,"m30":665.95,"m31":43.05,"m32":0.0,"m33":1.0},"DecomposedMatrix":{"Position":{"x":665.95,"y":43.05,"z":0.0},"Rotation":{"x":0.0,"y":-0.0,"z":0.0},"Scaling":{"x":1.0,"y":1.0,"z":1.0}}}},{"SYMBOL_Instance":{"SYMBOL_name":"abot speaker","Instance_Name":"","symbolType":"graphic","firstFrame":5,"loop":"loop","transformationPoint":{"x":89.0,"y":72.8},"Matrix3D":{"m00":-1.0,"m01":0.0,"m02":0.0,"m03":0.0,"m10":0.0,"m11":1.0,"m12":0.0,"m13":0.0,"m20":0.0,"m21":0.0,"m22":1.0,"m23":0.0,"m30":148.8,"m31":36.05,"m32":0.0,"m33":1.0},"DecomposedMatrix":{"Position":{"x":148.8,"y":36.05,"z":0.0},"Rotation":{"x":3.1415927410125734,"y":-0.0,"z":3.1415927410125734},"Scaling":{"x":1.0,"y":1.0,"z":-1.0}}}},{"SYMBOL_Instance":{"SYMBOL_name":"A bot chest boomin","Instance_Name":"","symbolType":"graphic","firstFrame":5,"loop":"loop","transformationPoint":{"x":261.8,"y":167.25},"Matrix3D":{"m00":1.0,"m01":0.0,"m02":0.0,"m03":0.0,"m10":0.0,"m11":1.0,"m12":0.0,"m13":0.0,"m20":0.0,"m21":0.0,"m22":1.0,"m23":0.0,"m30":144.0,"m31":1.9,"m32":0.0,"m33":1.0},"DecomposedMatrix":{"Position":{"x":144.0,"y":1.9,"z":0.0},"Rotation":{"x":0.0,"y":-0.0,"z":0.0},"Scaling":{"x":1.0,"y":1.0,"z":1.0}}}}]},{"index":7,"duration":1,"elements":[{"SYMBOL_Instance":{"SYMBOL_name":"abot speaker","Instance_Name":"","symbolType":"graphic","firstFrame":6,"loop":"loop","transformationPoint":{"x":89.0,"y":72.8},"Matrix3D":{"m00":1.0,"m01":0.0,"m02":0.0,"m03":0.0,"m10":0.0,"m11":1.0,"m12":0.0,"m13":0.0,"m20":0.0,"m21":0.0,"m22":1.0,"m23":0.0,"m30":665.95,"m31":43.05,"m32":0.0,"m33":1.0},"DecomposedMatrix":{"Position":{"x":665.95,"y":43.05,"z":0.0},"Rotation":{"x":0.0,"y":-0.0,"z":0.0},"Scaling":{"x":1.0,"y":1.0,"z":1.0}}}},{"SYMBOL_Instance":{"SYMBOL_name":"abot speaker","Instance_Name":"","symbolType":"graphic","firstFrame":6,"loop":"loop","transformationPoint":{"x":89.0,"y":72.8},"Matrix3D":{"m00":-1.0,"m01":0.0,"m02":0.0,"m03":0.0,"m10":0.0,"m11":1.0,"m12":0.0,"m13":0.0,"m20":0.0,"m21":0.0,"m22":1.0,"m23":0.0,"m30":148.8,"m31":36.05,"m32":0.0,"m33":1.0},"DecomposedMatrix":{"Position":{"x":148.8,"y":36.05,"z":0.0},"Rotation":{"x":3.1415927410125734,"y":-0.0,"z":3.1415927410125734},"Scaling":{"x":1.0,"y":1.0,"z":-1.0}}}},{"SYMBOL_Instance":{"SYMBOL_name":"A bot chest boomin","Instance_Name":"","symbolType":"graphic","firstFrame":6,"loop":"loop","transformationPoint":{"x":261.8,"y":167.25},"Matrix3D":{"m00":1.0,"m01":0.0,"m02":0.0,"m03":0.0,"m10":0.0,"m11":1.0,"m12":0.0,"m13":0.0,"m20":0.0,"m21":0.0,"m22":1.0,"m23":0.0,"m30":144.0,"m31":1.9,"m32":0.0,"m33":1.0},"DecomposedMatrix":{"Position":{"x":144.0,"y":1.9,"z":0.0},"Rotation":{"x":0.0,"y":-0.0,"z":0.0},"Scaling":{"x":1.0,"y":1.0,"z":1.0}}}}]},{"index":8,"duration":1,"elements":[{"SYMBOL_Instance":{"SYMBOL_name":"abot speaker","Instance_Name":"","symbolType":"graphic","firstFrame":7,"loop":"loop","transformationPoint":{"x":89.0,"y":72.8},"Matrix3D":{"m00":1.0,"m01":0.0,"m02":0.0,"m03":0.0,"m10":0.0,"m11":1.0,"m12":0.0,"m13":0.0,"m20":0.0,"m21":0.0,"m22":1.0,"m23":0.0,"m30":665.95,"m31":43.05,"m32":0.0,"m33":1.0},"DecomposedMatrix":{"Position":{"x":665.95,"y":43.05,"z":0.0},"Rotation":{"x":0.0,"y":-0.0,"z":0.0},"Scaling":{"x":1.0,"y":1.0,"z":1.0}}}},{"SYMBOL_Instance":{"SYMBOL_name":"abot speaker","Instance_Name":"","symbolType":"graphic","firstFrame":7,"loop":"loop","transformationPoint":{"x":89.0,"y":72.8},"Matrix3D":{"m00":-1.0,"m01":0.0,"m02":0.0,"m03":0.0,"m10":0.0,"m11":1.0,"m12":0.0,"m13":0.0,"m20":0.0,"m21":0.0,"m22":1.0,"m23":0.0,"m30":148.8,"m31":36.05,"m32":0.0,"m33":1.0},"DecomposedMatrix":{"Position":{"x":148.8,"y":36.05,"z":0.0},"Rotation":{"x":3.1415927410125734,"y":-0.0,"z":3.1415927410125734},"Scaling":{"x":1.0,"y":1.0,"z":-1.0}}}},{"SYMBOL_Instance":{"SYMBOL_name":"A bot chest boomin","Instance_Name":"","symbolType":"graphic","firstFrame":7,"loop":"loop","transformationPoint":{"x":261.8,"y":167.25},"Matrix3D":{"m00":1.0,"m01":0.0,"m02":0.0,"m03":0.0,"m10":0.0,"m11":1.0,"m12":0.0,"m13":0.0,"m20":0.0,"m21":0.0,"m22":1.0,"m23":0.0,"m30":144.0,"m31":1.9,"m32":0.0,"m33":1.0},"DecomposedMatrix":{"Position":{"x":144.0,"y":1.9,"z":0.0},"Rotation":{"x":0.0,"y":-0.0,"z":0.0},"Scaling":{"x":1.0,"y":1.0,"z":1.0}}}}]},{"index":9,"duration":1,"elements":[{"SYMBOL_Instance":{"SYMBOL_name":"abot speaker","Instance_Name":"","symbolType":"graphic","firstFrame":8,"loop":"loop","transformationPoint":{"x":89.0,"y":72.8},"Matrix3D":{"m00":1.0,"m01":0.0,"m02":0.0,"m03":0.0,"m10":0.0,"m11":1.0,"m12":0.0,"m13":0.0,"m20":0.0,"m21":0.0,"m22":1.0,"m23":0.0,"m30":665.95,"m31":43.05,"m32":0.0,"m33":1.0},"DecomposedMatrix":{"Position":{"x":665.95,"y":43.05,"z":0.0},"Rotation":{"x":0.0,"y":-0.0,"z":0.0},"Scaling":{"x":1.0,"y":1.0,"z":1.0}}}},{"SYMBOL_Instance":{"SYMBOL_name":"abot speaker","Instance_Name":"","symbolType":"graphic","firstFrame":8,"loop":"loop","transformationPoint":{"x":89.0,"y":72.8},"Matrix3D":{"m00":-1.0,"m01":0.0,"m02":0.0,"m03":0.0,"m10":0.0,"m11":1.0,"m12":0.0,"m13":0.0,"m20":0.0,"m21":0.0,"m22":1.0,"m23":0.0,"m30":148.8,"m31":36.05,"m32":0.0,"m33":1.0},"DecomposedMatrix":{"Position":{"x":148.8,"y":36.05,"z":0.0},"Rotation":{"x":3.1415927410125734,"y":-0.0,"z":3.1415927410125734},"Scaling":{"x":1.0,"y":1.0,"z":-1.0}}}},{"SYMBOL_Instance":{"SYMBOL_name":"A bot chest boomin","Instance_Name":"","symbolType":"graphic","firstFrame":8,"loop":"loop","transformationPoint":{"x":261.8,"y":167.25},"Matrix3D":{"m00":1.0,"m01":0.0,"m02":0.0,"m03":0.0,"m10":0.0,"m11":1.0,"m12":0.0,"m13":0.0,"m20":0.0,"m21":0.0,"m22":1.0,"m23":0.0,"m30":144.0,"m31":1.9,"m32":0.0,"m33":1.0},"DecomposedMatrix":{"Position":{"x":144.0,"y":1.9,"z":0.0},"Rotation":{"x":0.0,"y":-0.0,"z":0.0},"Scaling":{"x":1.0,"y":1.0,"z":1.0}}}}]},{"index":10,"duration":1,"elements":[{"SYMBOL_Instance":{"SYMBOL_name":"abot speaker","Instance_Name":"","symbolType":"graphic","firstFrame":9,"loop":"loop","transformationPoint":{"x":89.0,"y":72.8},"Matrix3D":{"m00":1.0,"m01":0.0,"m02":0.0,"m03":0.0,"m10":0.0,"m11":1.0,"m12":0.0,"m13":0.0,"m20":0.0,"m21":0.0,"m22":1.0,"m23":0.0,"m30":665.95,"m31":43.05,"m32":0.0,"m33":1.0},"DecomposedMatrix":{"Position":{"x":665.95,"y":43.05,"z":0.0},"Rotation":{"x":0.0,"y":-0.0,"z":0.0},"Scaling":{"x":1.0,"y":1.0,"z":1.0}}}},{"SYMBOL_Instance":{"SYMBOL_name":"abot speaker","Instance_Name":"","symbolType":"graphic","firstFrame":9,"loop":"loop","transformationPoint":{"x":89.0,"y":72.8},"Matrix3D":{"m00":-1.0,"m01":0.0,"m02":0.0,"m03":0.0,"m10":0.0,"m11":1.0,"m12":0.0,"m13":0.0,"m20":0.0,"m21":0.0,"m22":1.0,"m23":0.0,"m30":148.8,"m31":36.05,"m32":0.0,"m33":1.0},"DecomposedMatrix":{"Position":{"x":148.8,"y":36.05,"z":0.0},"Rotation":{"x":3.1415927410125734,"y":-0.0,"z":3.1415927410125734},"Scaling":{"x":1.0,"y":1.0,"z":-1.0}}}},{"SYMBOL_Instance":{"SYMBOL_name":"A bot chest boomin","Instance_Name":"","symbolType":"graphic","firstFrame":9,"loop":"loop","transformationPoint":{"x":261.8,"y":167.25},"Matrix3D":{"m00":1.0,"m01":0.0,"m02":0.0,"m03":0.0,"m10":0.0,"m11":1.0,"m12":0.0,"m13":0.0,"m20":0.0,"m21":0.0,"m22":1.0,"m23":0.0,"m30":144.0,"m31":1.9,"m32":0.0,"m33":1.0},"DecomposedMatrix":{"Position":{"x":144.0,"y":1.9,"z":0.0},"Rotation":{"x":0.0,"y":-0.0,"z":0.0},"Scaling":{"x":1.0,"y":1.0,"z":1.0}}}}]},{"index":11,"duration":1,"elements":[{"SYMBOL_Instance":{"SYMBOL_name":"abot speaker","Instance_Name":"","symbolType":"graphic","firstFrame":10,"loop":"loop","transformationPoint":{"x":89.0,"y":72.8},"Matrix3D":{"m00":1.0,"m01":0.0,"m02":0.0,"m03":0.0,"m10":0.0,"m11":1.0,"m12":0.0,"m13":0.0,"m20":0.0,"m21":0.0,"m22":1.0,"m23":0.0,"m30":665.95,"m31":43.05,"m32":0.0,"m33":1.0},"DecomposedMatrix":{"Position":{"x":665.95,"y":43.05,"z":0.0},"Rotation":{"x":0.0,"y":-0.0,"z":0.0},"Scaling":{"x":1.0,"y":1.0,"z":1.0}}}},{"SYMBOL_Instance":{"SYMBOL_name":"abot speaker","Instance_Name":"","symbolType":"graphic","firstFrame":10,"loop":"loop","transformationPoint":{"x":89.0,"y":72.8},"Matrix3D":{"m00":-1.0,"m01":0.0,"m02":0.0,"m03":0.0,"m10":0.0,"m11":1.0,"m12":0.0,"m13":0.0,"m20":0.0,"m21":0.0,"m22":1.0,"m23":0.0,"m30":148.8,"m31":36.05,"m32":0.0,"m33":1.0},"DecomposedMatrix":{"Position":{"x":148.8,"y":36.05,"z":0.0},"Rotation":{"x":3.1415927410125734,"y":-0.0,"z":3.1415927410125734},"Scaling":{"x":1.0,"y":1.0,"z":-1.0}}}},{"SYMBOL_Instance":{"SYMBOL_name":"A bot chest boomin","Instance_Name":"","symbolType":"graphic","firstFrame":10,"loop":"loop","transformationPoint":{"x":261.8,"y":167.25},"Matrix3D":{"m00":1.0,"m01":0.0,"m02":0.0,"m03":0.0,"m10":0.0,"m11":1.0,"m12":0.0,"m13":0.0,"m20":0.0,"m21":0.0,"m22":1.0,"m23":0.0,"m30":144.0,"m31":1.9,"m32":0.0,"m33":1.0},"DecomposedMatrix":{"Position":{"x":144.0,"y":1.9,"z":0.0},"Rotation":{"x":0.0,"y":-0.0,"z":0.0},"Scaling":{"x":1.0,"y":1.0,"z":1.0}}}}]},{"index":12,"duration":1,"elements":[{"SYMBOL_Instance":{"SYMBOL_name":"abot speaker","Instance_Name":"","symbolType":"graphic","firstFrame":11,"loop":"loop","transformationPoint":{"x":89.0,"y":72.8},"Matrix3D":{"m00":1.0,"m01":0.0,"m02":0.0,"m03":0.0,"m10":0.0,"m11":1.0,"m12":0.0,"m13":0.0,"m20":0.0,"m21":0.0,"m22":1.0,"m23":0.0,"m30":665.95,"m31":43.05,"m32":0.0,"m33":1.0},"DecomposedMatrix":{"Position":{"x":665.95,"y":43.05,"z":0.0},"Rotation":{"x":0.0,"y":-0.0,"z":0.0},"Scaling":{"x":1.0,"y":1.0,"z":1.0}}}},{"SYMBOL_Instance":{"SYMBOL_name":"abot speaker","Instance_Name":"","symbolType":"graphic","firstFrame":11,"loop":"loop","transformationPoint":{"x":89.0,"y":72.8},"Matrix3D":{"m00":-1.0,"m01":0.0,"m02":0.0,"m03":0.0,"m10":0.0,"m11":1.0,"m12":0.0,"m13":0.0,"m20":0.0,"m21":0.0,"m22":1.0,"m23":0.0,"m30":148.8,"m31":36.05,"m32":0.0,"m33":1.0},"DecomposedMatrix":{"Position":{"x":148.8,"y":36.05,"z":0.0},"Rotation":{"x":3.1415927410125734,"y":-0.0,"z":3.1415927410125734},"Scaling":{"x":1.0,"y":1.0,"z":-1.0}}}},{"SYMBOL_Instance":{"SYMBOL_name":"A bot chest boomin","Instance_Name":"","symbolType":"graphic","firstFrame":11,"loop":"loop","transformationPoint":{"x":261.8,"y":167.25},"Matrix3D":{"m00":1.0,"m01":0.0,"m02":0.0,"m03":0.0,"m10":0.0,"m11":1.0,"m12":0.0,"m13":0.0,"m20":0.0,"m21":0.0,"m22":1.0,"m23":0.0,"m30":144.0,"m31":1.9,"m32":0.0,"m33":1.0},"DecomposedMatrix":{"Position":{"x":144.0,"y":1.9,"z":0.0},"Rotation":{"x":0.0,"y":-0.0,"z":0.0},"Scaling":{"x":1.0,"y":1.0,"z":1.0}}}}]},{"index":13,"duration":1,"elements":[{"SYMBOL_Instance":{"SYMBOL_name":"abot speaker","Instance_Name":"","symbolType":"graphic","firstFrame":12,"loop":"loop","transformationPoint":{"x":89.0,"y":72.8},"Matrix3D":{"m00":1.0,"m01":0.0,"m02":0.0,"m03":0.0,"m10":0.0,"m11":1.0,"m12":0.0,"m13":0.0,"m20":0.0,"m21":0.0,"m22":1.0,"m23":0.0,"m30":665.95,"m31":43.05,"m32":0.0,"m33":1.0},"DecomposedMatrix":{"Position":{"x":665.95,"y":43.05,"z":0.0},"Rotation":{"x":0.0,"y":-0.0,"z":0.0},"Scaling":{"x":1.0,"y":1.0,"z":1.0}}}},{"SYMBOL_Instance":{"SYMBOL_name":"abot speaker","Instance_Name":"","symbolType":"graphic","firstFrame":12,"loop":"loop","transformationPoint":{"x":89.0,"y":72.8},"Matrix3D":{"m00":-1.0,"m01":0.0,"m02":0.0,"m03":0.0,"m10":0.0,"m11":1.0,"m12":0.0,"m13":0.0,"m20":0.0,"m21":0.0,"m22":1.0,"m23":0.0,"m30":148.8,"m31":36.05,"m32":0.0,"m33":1.0},"DecomposedMatrix":{"Position":{"x":148.8,"y":36.05,"z":0.0},"Rotation":{"x":3.1415927410125734,"y":-0.0,"z":3.1415927410125734},"Scaling":{"x":1.0,"y":1.0,"z":-1.0}}}},{"SYMBOL_Instance":{"SYMBOL_name":"A bot chest boomin","Instance_Name":"","symbolType":"graphic","firstFrame":12,"loop":"loop","transformationPoint":{"x":261.8,"y":167.25},"Matrix3D":{"m00":1.0,"m01":0.0,"m02":0.0,"m03":0.0,"m10":0.0,"m11":1.0,"m12":0.0,"m13":0.0,"m20":0.0,"m21":0.0,"m22":1.0,"m23":0.0,"m30":144.0,"m31":1.9,"m32":0.0,"m33":1.0},"DecomposedMatrix":{"Position":{"x":144.0,"y":1.9,"z":0.0},"Rotation":{"x":0.0,"y":-0.0,"z":0.0},"Scaling":{"x":1.0,"y":1.0,"z":1.0}}}}]},{"index":14,"duration":1,"elements":[{"SYMBOL_Instance":{"SYMBOL_name":"abot speaker","Instance_Name":"","symbolType":"graphic","firstFrame":13,"loop":"loop","transformationPoint":{"x":89.0,"y":72.8},"Matrix3D":{"m00":1.0,"m01":0.0,"m02":0.0,"m03":0.0,"m10":0.0,"m11":1.0,"m12":0.0,"m13":0.0,"m20":0.0,"m21":0.0,"m22":1.0,"m23":0.0,"m30":665.95,"m31":43.05,"m32":0.0,"m33":1.0},"DecomposedMatrix":{"Position":{"x":665.95,"y":43.05,"z":0.0},"Rotation":{"x":0.0,"y":-0.0,"z":0.0},"Scaling":{"x":1.0,"y":1.0,"z":1.0}}}},{"SYMBOL_Instance":{"SYMBOL_name":"abot speaker","Instance_Name":"","symbolType":"graphic","firstFrame":13,"loop":"loop","transformationPoint":{"x":89.0,"y":72.8},"Matrix3D":{"m00":-1.0,"m01":0.0,"m02":0.0,"m03":0.0,"m10":0.0,"m11":1.0,"m12":0.0,"m13":0.0,"m20":0.0,"m21":0.0,"m22":1.0,"m23":0.0,"m30":148.8,"m31":36.05,"m32":0.0,"m33":1.0},"DecomposedMatrix":{"Position":{"x":148.8,"y":36.05,"z":0.0},"Rotation":{"x":3.1415927410125734,"y":-0.0,"z":3.1415927410125734},"Scaling":{"x":1.0,"y":1.0,"z":-1.0}}}},{"SYMBOL_Instance":{"SYMBOL_name":"A bot chest boomin","Instance_Name":"","symbolType":"graphic","firstFrame":13,"loop":"loop","transformationPoint":{"x":261.8,"y":167.25},"Matrix3D":{"m00":1.0,"m01":0.0,"m02":0.0,"m03":0.0,"m10":0.0,"m11":1.0,"m12":0.0,"m13":0.0,"m20":0.0,"m21":0.0,"m22":1.0,"m23":0.0,"m30":144.0,"m31":1.9,"m32":0.0,"m33":1.0},"DecomposedMatrix":{"Position":{"x":144.0,"y":1.9,"z":0.0},"Rotation":{"x":0.0,"y":-0.0,"z":0.0},"Scaling":{"x":1.0,"y":1.0,"z":1.0}}}}]},{"index":15,"duration":1,"elements":[{"SYMBOL_Instance":{"SYMBOL_name":"abot speaker","Instance_Name":"","symbolType":"graphic","firstFrame":14,"loop":"loop","transformationPoint":{"x":89.0,"y":72.8},"Matrix3D":{"m00":1.0,"m01":0.0,"m02":0.0,"m03":0.0,"m10":0.0,"m11":1.0,"m12":0.0,"m13":0.0,"m20":0.0,"m21":0.0,"m22":1.0,"m23":0.0,"m30":665.95,"m31":43.05,"m32":0.0,"m33":1.0},"DecomposedMatrix":{"Position":{"x":665.95,"y":43.05,"z":0.0},"Rotation":{"x":0.0,"y":-0.0,"z":0.0},"Scaling":{"x":1.0,"y":1.0,"z":1.0}}}},{"SYMBOL_Instance":{"SYMBOL_name":"abot speaker","Instance_Name":"","symbolType":"graphic","firstFrame":14,"loop":"loop","transformationPoint":{"x":89.0,"y":72.8},"Matrix3D":{"m00":-1.0,"m01":0.0,"m02":0.0,"m03":0.0,"m10":0.0,"m11":1.0,"m12":0.0,"m13":0.0,"m20":0.0,"m21":0.0,"m22":1.0,"m23":0.0,"m30":148.8,"m31":36.05,"m32":0.0,"m33":1.0},"DecomposedMatrix":{"Position":{"x":148.8,"y":36.05,"z":0.0},"Rotation":{"x":3.1415927410125734,"y":-0.0,"z":3.1415927410125734},"Scaling":{"x":1.0,"y":1.0,"z":-1.0}}}},{"SYMBOL_Instance":{"SYMBOL_name":"A bot chest boomin","Instance_Name":"","symbolType":"graphic","firstFrame":14,"loop":"loop","transformationPoint":{"x":261.8,"y":167.25},"Matrix3D":{"m00":1.0,"m01":0.0,"m02":0.0,"m03":0.0,"m10":0.0,"m11":1.0,"m12":0.0,"m13":0.0,"m20":0.0,"m21":0.0,"m22":1.0,"m23":0.0,"m30":144.0,"m31":1.9,"m32":0.0,"m33":1.0},"DecomposedMatrix":{"Position":{"x":144.0,"y":1.9,"z":0.0},"Rotation":{"x":0.0,"y":-0.0,"z":0.0},"Scaling":{"x":1.0,"y":1.0,"z":1.0}}}}]}]},{"Layer_name":"Layer_4","Frames":[{"index":0,"duration":1,"elements":[{"SYMBOL_Instance":{"SYMBOL_name":"wires","Instance_Name":"","symbolType":"graphic","firstFrame":0,"loop":"loop","transformationPoint":{"x":27.200000000000004,"y":42.65},"Matrix3D":{"m00":1.0,"m01":0.0,"m02":0.0,"m03":0.0,"m10":0.0,"m11":1.0,"m12":0.0,"m13":0.0,"m20":0.0,"m21":0.0,"m22":1.0,"m23":0.0,"m30":661.45,"m31":202.65,"m32":0.0,"m33":1.0},"DecomposedMatrix":{"Position":{"x":661.45,"y":202.65,"z":0.0},"Rotation":{"x":0.0,"y":-0.0,"z":0.0},"Scaling":{"x":1.0,"y":1.0,"z":1.0}}}}]},{"index":1,"duration":2,"elements":[{"SYMBOL_Instance":{"SYMBOL_name":"wires","Instance_Name":"","symbolType":"graphic","firstFrame":0,"loop":"loop","transformationPoint":{"x":25.200000000000004,"y":11.15},"Matrix3D":{"m00":1.0171051025390626,"m01":0.0,"m02":0.0,"m03":0.0,"m10":0.0,"m11":1.0171051025390626,"m12":0.0,"m13":0.0,"m20":0.0,"m21":0.0,"m22":1.0,"m23":0.0,"m30":661.0,"m31":203.45,"m32":0.0,"m33":1.0},"DecomposedMatrix":{"Position":{"x":661.0,"y":203.45,"z":0.0},"Rotation":{"x":0.0,"y":-0.0,"z":0.0},"Scaling":{"x":1.0171051025390626,"y":1.0171051025390626,"z":1.0}}}}]},{"index":3,"duration":13,"elements":[{"SYMBOL_Instance":{"SYMBOL_name":"wires","Instance_Name":"","symbolType":"graphic","firstFrame":0,"loop":"loop","transformationPoint":{"x":27.200000000000004,"y":42.65},"Matrix3D":{"m00":1.0,"m01":0.0,"m02":0.0,"m03":0.0,"m10":0.0,"m11":1.0,"m12":0.0,"m13":0.0,"m20":0.0,"m21":0.0,"m22":1.0,"m23":0.0,"m30":661.45,"m31":202.65,"m32":0.0,"m33":1.0},"DecomposedMatrix":{"Position":{"x":661.45,"y":202.65,"z":0.0},"Rotation":{"x":0.0,"y":-0.0,"z":0.0},"Scaling":{"x":1.0,"y":1.0,"z":1.0}}}}]}]},{"Layer_name":"Layer_3","Frames":[{"index":0,"duration":1,"elements":[{"SYMBOL_Instance":{"SYMBOL_name":"a bot arm wheel","Instance_Name":"","symbolType":"graphic","firstFrame":0,"loop":"loop","transformationPoint":{"x":19.650000000000003,"y":75.75},"Matrix3D":{"m00":1.0,"m01":0.0,"m02":0.0,"m03":0.0,"m10":0.0,"m11":1.0,"m12":0.0,"m13":0.0,"m20":0.0,"m21":0.0,"m22":1.0,"m23":0.0,"m30":639.0,"m31":60.2,"m32":0.0,"m33":1.0},"DecomposedMatrix":{"Position":{"x":639.0,"y":60.2,"z":0.0},"Rotation":{"x":0.0,"y":-0.0,"z":0.0},"Scaling":{"x":1.0,"y":1.0,"z":1.0}}}},{"SYMBOL_Instance":{"SYMBOL_name":"a bot arm wheel","Instance_Name":"","symbolType":"graphic","firstFrame":0,"loop":"loop","transformationPoint":{"x":55.65,"y":85.25},"Matrix3D":{"m00":-1.0,"m01":0.0,"m02":0.0,"m03":0.0,"m10":0.0,"m11":1.0,"m12":0.0,"m13":0.0,"m20":0.0,"m21":0.0,"m22":1.0,"m23":0.0,"m30":175.75,"m31":53.2,"m32":0.0,"m33":1.0},"DecomposedMatrix":{"Position":{"x":175.75,"y":53.2,"z":0.0},"Rotation":{"x":3.1415927410125734,"y":-0.0,"z":3.1415927410125734},"Scaling":{"x":1.0,"y":1.0,"z":-1.0}}}}]},{"index":1,"duration":2,"elements":[{"SYMBOL_Instance":{"SYMBOL_name":"a bot arm wheel","Instance_Name":"","symbolType":"graphic","firstFrame":0,"loop":"loop","transformationPoint":{"x":19.650000000000003,"y":75.75},"Matrix3D":{"m00":1.0197906494140626,"m01":0.0,"m02":0.0,"m03":0.0,"m10":0.0,"m11":1.0197906494140626,"m12":0.0,"m13":0.0,"m20":0.0,"m21":0.0,"m22":1.0,"m23":0.0,"m30":638.6,"m31":58.7,"m32":0.0,"m33":1.0},"DecomposedMatrix":{"Position":{"x":638.6,"y":58.7,"z":0.0},"Rotation":{"x":0.0,"y":-0.0,"z":0.0},"Scaling":{"x":1.0197906494140626,"y":1.0197906494140626,"z":1.0}}}},{"SYMBOL_Instance":{"SYMBOL_name":"a bot arm wheel","Instance_Name":"","symbolType":"graphic","firstFrame":0,"loop":"loop","transformationPoint":{"x":55.65,"y":85.25},"Matrix3D":{"m00":-1.0234527587890626,"m01":0.0,"m02":0.0,"m03":0.0,"m10":0.0,"m11":1.0234527587890626,"m12":0.0,"m13":0.0,"m20":0.0,"m21":0.0,"m22":1.0,"m23":0.0,"m30":177.05,"m31":51.2,"m32":0.0,"m33":1.0},"DecomposedMatrix":{"Position":{"x":177.05,"y":51.2,"z":0.0},"Rotation":{"x":3.1415927410125734,"y":-0.0,"z":3.1415927410125734},"Scaling":{"x":1.0234527587890626,"y":1.0234527587890626,"z":-1.0}}}}]},{"index":3,"duration":13,"elements":[{"SYMBOL_Instance":{"SYMBOL_name":"a bot arm wheel","Instance_Name":"","symbolType":"graphic","firstFrame":0,"loop":"loop","transformationPoint":{"x":19.650000000000003,"y":75.75},"Matrix3D":{"m00":1.0,"m01":0.0,"m02":0.0,"m03":0.0,"m10":0.0,"m11":1.0,"m12":0.0,"m13":0.0,"m20":0.0,"m21":0.0,"m22":1.0,"m23":0.0,"m30":639.0,"m31":60.2,"m32":0.0,"m33":1.0},"DecomposedMatrix":{"Position":{"x":639.0,"y":60.2,"z":0.0},"Rotation":{"x":0.0,"y":-0.0,"z":0.0},"Scaling":{"x":1.0,"y":1.0,"z":1.0}}}},{"SYMBOL_Instance":{"SYMBOL_name":"a bot arm wheel","Instance_Name":"","symbolType":"graphic","firstFrame":0,"loop":"loop","transformationPoint":{"x":55.65,"y":85.25},"Matrix3D":{"m00":-1.0,"m01":0.0,"m02":0.0,"m03":0.0,"m10":0.0,"m11":1.0,"m12":0.0,"m13":0.0,"m20":0.0,"m21":0.0,"m22":1.0,"m23":0.0,"m30":175.75,"m31":53.2,"m32":0.0,"m33":1.0},"DecomposedMatrix":{"Position":{"x":175.75,"y":53.2,"z":0.0},"Rotation":{"x":3.1415927410125734,"y":-0.0,"z":3.1415927410125734},"Scaling":{"x":1.0,"y":1.0,"z":-1.0}}}}]}]},{"Layer_name":"Layer_5","Frames":[{"index":0,"duration":1,"elements":[{"SYMBOL_Instance":{"SYMBOL_name":"tube wire","Instance_Name":"","symbolType":"graphic","firstFrame":0,"loop":"loop","transformationPoint":{"x":51.95,"y":59.7},"Matrix3D":{"m00":1.0,"m01":0.0,"m02":0.0,"m03":0.0,"m10":0.0,"m11":1.0,"m12":0.0,"m13":0.0,"m20":0.0,"m21":0.0,"m22":1.0,"m23":0.0,"m30":707.7,"m31":203.6,"m32":0.0,"m33":1.0},"DecomposedMatrix":{"Position":{"x":707.7,"y":203.6,"z":0.0},"Rotation":{"x":0.0,"y":-0.0,"z":0.0},"Scaling":{"x":1.0,"y":1.0,"z":1.0}}}}]},{"index":1,"duration":2,"elements":[{"SYMBOL_Instance":{"SYMBOL_name":"tube wire","Instance_Name":"","symbolType":"graphic","firstFrame":0,"loop":"loop","transformationPoint":{"x":16.95,"y":99.7},"Matrix3D":{"m00":1.0,"m01":0.0,"m02":0.0,"m03":0.0,"m10":-0.015045166015625,"m11":1.0,"m12":0.0,"m13":0.0,"m20":0.0,"m21":0.0,"m22":1.0,"m23":0.0,"m30":709.2,"m31":203.6,"m32":0.0,"m33":1.0},"DecomposedMatrix":{"Position":{"x":709.2,"y":203.6,"z":0.0},"Rotation":{"x":0.0,"y":-0.0,"z":0.0},"Scaling":{"x":1.0,"y":1.0,"z":1.0}}}}]},{"index":3,"duration":13,"elements":[{"SYMBOL_Instance":{"SYMBOL_name":"tube wire","Instance_Name":"","symbolType":"graphic","firstFrame":0,"loop":"loop","transformationPoint":{"x":51.95,"y":59.7},"Matrix3D":{"m00":1.0,"m01":0.0,"m02":0.0,"m03":0.0,"m10":0.0,"m11":1.0,"m12":0.0,"m13":0.0,"m20":0.0,"m21":0.0,"m22":1.0,"m23":0.0,"m30":707.7,"m31":203.6,"m32":0.0,"m33":1.0},"DecomposedMatrix":{"Position":{"x":707.7,"y":203.6,"z":0.0},"Rotation":{"x":0.0,"y":-0.0,"z":0.0},"Scaling":{"x":1.0,"y":1.0,"z":1.0}}}}]}]},{"Layer_name":"Layer_6","Frames":[{"index":0,"duration":1,"elements":[{"SYMBOL_Instance":{"SYMBOL_name":"A BOT head partial","Instance_Name":"","symbolType":"graphic","firstFrame":0,"loop":"loop","transformationPoint":{"x":119.4,"y":131.3},"Matrix3D":{"m00":1.0,"m01":0.0,"m02":0.0,"m03":0.0,"m10":0.0,"m11":1.0,"m12":0.0,"m13":0.0,"m20":0.0,"m21":0.0,"m22":1.0,"m23":0.0,"m30":0.0,"m31":95.6,"m32":0.0,"m33":1.0},"DecomposedMatrix":{"Position":{"x":0.0,"y":95.6,"z":0.0},"Rotation":{"x":0.0,"y":-0.0,"z":0.0},"Scaling":{"x":1.0,"y":1.0,"z":1.0}}}}]},{"index":1,"duration":2,"elements":[{"SYMBOL_Instance":{"SYMBOL_name":"A BOT head partial","Instance_Name":"","symbolType":"graphic","firstFrame":0,"loop":"loop","transformationPoint":{"x":158.35,"y":216.35},"Matrix3D":{"m00":0.9999237060546875,"m01":-0.00921630859375,"m02":0.0,"m03":0.0,"m10":0.00921630859375,"m11":0.9999237060546875,"m12":0.0,"m13":0.0,"m20":0.0,"m21":0.0,"m22":1.0,"m23":0.0,"m30":-2.95,"m31":97.05,"m32":0.0,"m33":1.0},"DecomposedMatrix":{"Position":{"x":-2.95,"y":97.05,"z":0.0},"Rotation":{"x":0.0,"y":-0.0,"z":-0.009216750971972943},"Scaling":{"x":1.0,"y":1.0,"z":1.0}}}}]},{"index":3,"duration":13,"elements":[{"SYMBOL_Instance":{"SYMBOL_name":"A BOT head partial","Instance_Name":"","symbolType":"graphic","firstFrame":0,"loop":"loop","transformationPoint":{"x":119.4,"y":131.3},"Matrix3D":{"m00":1.0,"m01":0.0,"m02":0.0,"m03":0.0,"m10":0.0,"m11":1.0,"m12":0.0,"m13":0.0,"m20":0.0,"m21":0.0,"m22":1.0,"m23":0.0,"m30":0.0,"m31":95.6,"m32":0.0,"m33":1.0},"DecomposedMatrix":{"Position":{"x":0.0,"y":95.6,"z":0.0},"Rotation":{"x":0.0,"y":-0.0,"z":0.0},"Scaling":{"x":1.0,"y":1.0,"z":1.0}}}}]}]},{"Layer_name":"Layer_1","Frames":[{"index":0,"duration":16,"elements":[{"SYMBOL_Instance":{"SYMBOL_name":"rubble","Instance_Name":"","symbolType":"graphic","firstFrame":0,"loop":"loop","transformationPoint":{"x":42.550000000000007,"y":10.450000000000001},"Matrix3D":{"m00":1.0,"m01":0.0,"m02":0.0,"m03":0.0,"m10":0.0,"m11":1.0,"m12":0.0,"m13":0.0,"m20":0.0,"m21":0.0,"m22":1.0,"m23":0.0,"m30":655.2,"m31":310.25,"m32":0.0,"m33":1.0},"DecomposedMatrix":{"Position":{"x":655.2,"y":310.25,"z":0.0},"Rotation":{"x":0.0,"y":-0.0,"z":0.0},"Scaling":{"x":1.0,"y":1.0,"z":1.0}}}}]}]}]}},"SYMBOL_DICTIONARY":{"Symbols":[{"SYMBOL_name":"abot speaker","TIMELINE":{"LAYERS":[{"Layer_name":"Layer_3","Frames":[{"index":0,"duration":2,"elements":[{"SYMBOL_Instance":{"SYMBOL_name":"speaker","Instance_Name":"","symbolType":"graphic","firstFrame":0,"loop":"loop","transformationPoint":{"x":31.55,"y":37.15},"Matrix3D":{"m00":1.0945892333984376,"m01":0.0,"m02":0.0,"m03":0.0,"m10":0.0,"m11":1.0945892333984376,"m12":0.0,"m13":0.0,"m20":0.0,"m21":0.0,"m22":1.0,"m23":0.0,"m30":30.95,"m31":49.9,"m32":0.0,"m33":1.0},"DecomposedMatrix":{"Position":{"x":30.95,"y":49.9,"z":0.0},"Rotation":{"x":0.0,"y":-0.0,"z":0.0},"Scaling":{"x":1.0945892333984376,"y":1.0945892333984376,"z":1.0}}}}]},{"index":2,"duration":1,"elements":[{"SYMBOL_Instance":{"SYMBOL_name":"speaker","Instance_Name":"","symbolType":"graphic","firstFrame":0,"loop":"loop","transformationPoint":{"x":9.55,"y":30.650000000000003},"Matrix3D":{"m00":1.02801513671875,"m01":0.0,"m02":0.0,"m03":0.0,"m10":0.0,"m11":1.02801513671875,"m12":0.0,"m13":0.0,"m20":0.0,"m21":0.0,"m22":1.0,"m23":0.0,"m30":30.65,"m31":51.55,"m32":0.0,"m33":1.0},"DecomposedMatrix":{"Position":{"x":30.65,"y":51.55,"z":0.0},"Rotation":{"x":0.0,"y":-0.0,"z":0.0},"Scaling":{"x":1.02801513671875,"y":1.02801513671875,"z":1.0}}}}]},{"index":3,"duration":12,"elements":[{"SYMBOL_Instance":{"SYMBOL_name":"speaker","Instance_Name":"","symbolType":"graphic","firstFrame":0,"loop":"loop","transformationPoint":{"x":31.55,"y":37.15},"Matrix3D":{"m00":1.0,"m01":0.0,"m02":0.0,"m03":0.0,"m10":0.0,"m11":1.0,"m12":0.0,"m13":0.0,"m20":0.0,"m21":0.0,"m22":1.0,"m23":0.0,"m30":30.9,"m31":52.4,"m32":0.0,"m33":1.0},"DecomposedMatrix":{"Position":{"x":30.9,"y":52.4,"z":0.0},"Rotation":{"x":0.0,"y":-0.0,"z":0.0},"Scaling":{"x":1.0,"y":1.0,"z":1.0}}}}]}]},{"Layer_name":"Layer_2","Frames":[{"index":0,"duration":2,"elements":[{"SYMBOL_Instance":{"SYMBOL_name":"cone beeg","Instance_Name":"","symbolType":"graphic","firstFrame":0,"loop":"loop","transformationPoint":{"x":69.60000000000001,"y":77.30000000000001},"Matrix3D":{"m00":1.0,"m01":0.0,"m02":0.0,"m03":0.0,"m10":0.0,"m11":1.0,"m12":0.0,"m13":0.0,"m20":0.0,"m21":0.0,"m22":1.0,"m23":0.0,"m30":1.5,"m31":-4.75,"m32":0.0,"m33":1.0},"DecomposedMatrix":{"Position":{"x":1.5,"y":-4.75,"z":0.0},"Rotation":{"x":0.0,"y":-0.0,"z":0.0},"Scaling":{"x":1.0,"y":1.0,"z":1.0}}}}]},{"index":2,"duration":13,"elements":[{"SYMBOL_Instance":{"SYMBOL_name":"cone","Instance_Name":"","symbolType":"graphic","firstFrame":0,"loop":"loop","transformationPoint":{"x":66.9,"y":72.8},"Matrix3D":{"m00":1.0,"m01":0.0,"m02":0.0,"m03":0.0,"m10":0.0,"m11":1.0,"m12":0.0,"m13":0.0,"m20":0.0,"m21":0.0,"m22":1.0,"m23":0.0,"m30":0.0,"m31":0.0,"m32":0.0,"m33":1.0},"DecomposedMatrix":{"Position":{"x":0.0,"y":0.0,"z":0.0},"Rotation":{"x":0.0,"y":-0.0,"z":0.0},"Scaling":{"x":1.0,"y":1.0,"z":1.0}}}}]}]}]}},{"SYMBOL_name":"speaker","TIMELINE":{"LAYERS":[{"Layer_name":"Layer_2","Frames":[{"index":0,"duration":1,"elements":[{"ATLAS_SPRITE_instance":{"name":"0005","Matrix3D":{"m00":0.91357421875,"m01":0.0,"m02":0.0,"m03":0.0,"m10":0.0,"m11":0.91357421875,"m12":0.0,"m13":0.0,"m20":0.0,"m21":0.0,"m22":1.0,"m23":0.0,"m30":0.0,"m31":0.0,"m32":0.0,"m33":1.0},"DecomposedMatrix":{"Position":{"x":0.0,"y":0.0,"z":0.0},"Rotation":{"x":0.0,"y":-0.0,"z":0.0},"Scaling":{"x":0.91357421875,"y":0.91357421875,"z":1.0}}}}]}]}]}},{"SYMBOL_name":"cone beeg","TIMELINE":{"LAYERS":[{"Layer_name":"Layer_2","Frames":[{"index":0,"duration":1,"elements":[{"ATLAS_SPRITE_instance":{"name":"0006","Matrix3D":{"m00":1.0,"m01":0.0,"m02":0.0,"m03":0.0,"m10":0.0,"m11":1.0,"m12":0.0,"m13":0.0,"m20":0.0,"m21":0.0,"m22":1.0,"m23":0.0,"m30":0.0,"m31":0.0,"m32":0.0,"m33":1.0},"DecomposedMatrix":{"Position":{"x":0.0,"y":0.0,"z":0.0},"Rotation":{"x":0.0,"y":-0.0,"z":0.0},"Scaling":{"x":1.0,"y":1.0,"z":1.0}}}}]}]}]}},{"SYMBOL_name":"cone","TIMELINE":{"LAYERS":[{"Layer_name":"Layer_2","Frames":[{"index":0,"duration":1,"elements":[{"ATLAS_SPRITE_instance":{"name":"0007","Matrix3D":{"m00":1.0,"m01":0.0,"m02":0.0,"m03":0.0,"m10":0.0,"m11":1.0,"m12":0.0,"m13":0.0,"m20":0.0,"m21":0.0,"m22":1.0,"m23":0.0,"m30":0.0,"m31":0.0,"m32":0.0,"m33":1.0},"DecomposedMatrix":{"Position":{"x":0.0,"y":0.0,"z":0.0},"Rotation":{"x":0.0,"y":-0.0,"z":0.0},"Scaling":{"x":1.0,"y":1.0,"z":1.0}}}}]}]}]}},{"SYMBOL_name":"A bot chest boomin","TIMELINE":{"LAYERS":[{"Layer_name":"Layer_2","Frames":[{"index":0,"duration":2,"elements":[{"SYMBOL_Instance":{"SYMBOL_name":"A symbol","Instance_Name":"","symbolType":"graphic","firstFrame":0,"loop":"loop","transformationPoint":{"x":36.6,"y":25.650000000000003},"Matrix3D":{"m00":1.0399627685546876,"m01":0.0,"m02":0.0,"m03":0.0,"m10":0.0,"m11":0.96099853515625,"m12":0.0,"m13":0.0,"m20":0.0,"m21":0.0,"m22":1.0,"m23":0.0,"m30":230.4,"m31":277.25,"m32":0.0,"m33":1.0},"DecomposedMatrix":{"Position":{"x":230.4,"y":277.25,"z":0.0},"Rotation":{"x":0.0,"y":-0.0,"z":0.0},"Scaling":{"x":1.0399627685546876,"y":0.96099853515625,"z":1.0}}}}]},{"index":2,"duration":19,"elements":[{"SYMBOL_Instance":{"SYMBOL_name":"A symbol","Instance_Name":"","symbolType":"graphic","firstFrame":0,"loop":"loop","transformationPoint":{"x":36.6,"y":25.650000000000003},"Matrix3D":{"m00":1.0,"m01":0.0,"m02":0.0,"m03":0.0,"m10":0.0,"m11":1.0,"m12":0.0,"m13":0.0,"m20":0.0,"m21":0.0,"m22":1.0,"m23":0.0,"m30":232.35,"m31":274.75,"m32":0.0,"m33":1.0},"DecomposedMatrix":{"Position":{"x":232.35,"y":274.75,"z":0.0},"Rotation":{"x":0.0,"y":-0.0,"z":0.0},"Scaling":{"x":1.0,"y":1.0,"z":1.0}}}}]}]},{"Layer_name":"Layer_1","Frames":[{"index":0,"duration":2,"elements":[{"SYMBOL_Instance":{"SYMBOL_name":"A bot chest bump","Instance_Name":"","symbolType":"graphic","firstFrame":0,"loop":"loop","transformationPoint":{"x":266.45,"y":168.9},"Matrix3D":{"m00":1.0,"m01":0.0,"m02":0.0,"m03":0.0,"m10":0.0,"m11":1.0,"m12":0.0,"m13":0.0,"m20":0.0,"m21":0.0,"m22":1.0,"m23":0.0,"m30":-4.55,"m31":-1.9,"m32":0.0,"m33":1.0},"DecomposedMatrix":{"Position":{"x":-4.55,"y":-1.9,"z":0.0},"Rotation":{"x":0.0,"y":-0.0,"z":0.0},"Scaling":{"x":1.0,"y":1.0,"z":1.0}}}}]},{"index":2,"duration":19,"elements":[{"SYMBOL_Instance":{"SYMBOL_name":"Abot Chest","Instance_Name":"","symbolType":"graphic","firstFrame":0,"loop":"loop","transformationPoint":{"x":487.75,"y":167.25},"Matrix3D":{"m00":1.0,"m01":0.0,"m02":0.0,"m03":0.0,"m10":0.0,"m11":1.0,"m12":0.0,"m13":0.0,"m20":0.0,"m21":0.0,"m22":1.0,"m23":0.0,"m30":0.0,"m31":0.0,"m32":0.0,"m33":1.0},"DecomposedMatrix":{"Position":{"x":0.0,"y":0.0,"z":0.0},"Rotation":{"x":0.0,"y":-0.0,"z":0.0},"Scaling":{"x":1.0,"y":1.0,"z":1.0}}}}]}]}]}},{"SYMBOL_name":"A symbol","TIMELINE":{"LAYERS":[{"Layer_name":"Layer_3","Frames":[{"index":0,"duration":1,"elements":[{"ATLAS_SPRITE_instance":{"name":"0008","Matrix3D":{"m00":0.9615631103515625,"m01":0.0,"m02":0.0,"m03":0.0,"m10":0.0,"m11":0.9615631103515625,"m12":0.0,"m13":0.0,"m20":0.0,"m21":0.0,"m22":1.0,"m23":0.0,"m30":0.0,"m31":0.0,"m32":0.0,"m33":1.0},"DecomposedMatrix":{"Position":{"x":0.0,"y":0.0,"z":0.0},"Rotation":{"x":0.0,"y":-0.0,"z":0.0},"Scaling":{"x":0.9615631103515625,"y":0.9615631103515625,"z":1.0}}}}]}]}]}},{"SYMBOL_name":"a movie","TIMELINE":{"LAYERS":[{"Layer_name":"Layer_1","Frames":[{"index":0,"duration":1,"elements":[]}]}]}},{"SYMBOL_name":"A bot chest bump","TIMELINE":{"LAYERS":[{"Layer_name":"Layer_2","Frames":[{"index":0,"duration":1,"elements":[{"ATLAS_SPRITE_instance":{"name":"0009","Matrix3D":{"m00":1.0,"m01":0.0,"m02":0.0,"m03":0.0,"m10":0.0,"m11":1.0,"m12":0.0,"m13":0.0,"m20":0.0,"m21":0.0,"m22":1.0,"m23":0.0,"m30":0.0,"m31":0.0,"m32":0.0,"m33":1.0},"DecomposedMatrix":{"Position":{"x":0.0,"y":0.0,"z":0.0},"Rotation":{"x":0.0,"y":-0.0,"z":0.0},"Scaling":{"x":1.0,"y":1.0,"z":1.0}}}}]}]}]}},{"SYMBOL_name":"Abot Chest","TIMELINE":{"LAYERS":[{"Layer_name":"Layer_2","Frames":[{"index":0,"duration":1,"elements":[{"ATLAS_SPRITE_instance":{"name":"0010","Matrix3D":{"m00":1.0,"m01":0.0,"m02":0.0,"m03":0.0,"m10":0.0,"m11":1.0,"m12":0.0,"m13":0.0,"m20":0.0,"m21":0.0,"m22":1.0,"m23":0.0,"m30":0.0,"m31":0.0,"m32":0.0,"m33":1.0},"DecomposedMatrix":{"Position":{"x":0.0,"y":0.0,"z":0.0},"Rotation":{"x":0.0,"y":-0.0,"z":0.0},"Scaling":{"x":1.0,"y":1.0,"z":1.0}}}}]}]}]}},{"SYMBOL_name":"wires","TIMELINE":{"LAYERS":[{"Layer_name":"Layer_2","Frames":[{"index":0,"duration":1,"elements":[{"ATLAS_SPRITE_instance":{"name":"0000","Matrix3D":{"m00":0.9831695556640625,"m01":0.0,"m02":0.0,"m03":0.0,"m10":0.0,"m11":0.9831695556640625,"m12":0.0,"m13":0.0,"m20":0.0,"m21":0.0,"m22":1.0,"m23":0.0,"m30":0.0,"m31":0.0,"m32":0.0,"m33":1.0},"DecomposedMatrix":{"Position":{"x":0.0,"y":0.0,"z":0.0},"Rotation":{"x":0.0,"y":-0.0,"z":0.0},"Scaling":{"x":0.9831695556640625,"y":0.9831695556640625,"z":1.0}}}}]}]}]}},{"SYMBOL_name":"a bot arm wheel","TIMELINE":{"LAYERS":[{"Layer_name":"Layer_2","Frames":[{"index":0,"duration":1,"elements":[{"ATLAS_SPRITE_instance":{"name":"0001","Matrix3D":{"m00":0.977081298828125,"m01":0.0,"m02":0.0,"m03":0.0,"m10":0.0,"m11":0.977081298828125,"m12":0.0,"m13":0.0,"m20":0.0,"m21":0.0,"m22":1.0,"m23":0.0,"m30":0.0,"m31":0.0,"m32":0.0,"m33":1.0},"DecomposedMatrix":{"Position":{"x":0.0,"y":0.0,"z":0.0},"Rotation":{"x":0.0,"y":-0.0,"z":0.0},"Scaling":{"x":0.977081298828125,"y":0.977081298828125,"z":1.0}}}}]}]}]}},{"SYMBOL_name":"tube wire","TIMELINE":{"LAYERS":[{"Layer_name":"Layer_2","Frames":[{"index":0,"duration":1,"elements":[{"ATLAS_SPRITE_instance":{"name":"0002","Matrix3D":{"m00":0.9998931884765625,"m01":0.0,"m02":0.0,"m03":0.0,"m10":0.0,"m11":0.9998931884765625,"m12":0.0,"m13":0.0,"m20":0.0,"m21":0.0,"m22":1.0,"m23":0.0,"m30":0.0,"m31":0.0,"m32":0.0,"m33":1.0},"DecomposedMatrix":{"Position":{"x":0.0,"y":0.0,"z":0.0},"Rotation":{"x":0.0,"y":-0.0,"z":0.0},"Scaling":{"x":1.0,"y":1.0,"z":1.0}}}}]}]}]}},{"SYMBOL_name":"A BOT head partial","TIMELINE":{"LAYERS":[{"Layer_name":"Layer_2","Frames":[{"index":0,"duration":1,"elements":[{"ATLAS_SPRITE_instance":{"name":"0003","Matrix3D":{"m00":1.0,"m01":0.0,"m02":0.0,"m03":0.0,"m10":0.0,"m11":1.0,"m12":0.0,"m13":0.0,"m20":0.0,"m21":0.0,"m22":1.0,"m23":0.0,"m30":0.0,"m31":16.0,"m32":0.0,"m33":1.0},"DecomposedMatrix":{"Position":{"x":0.0,"y":16.0,"z":0.0},"Rotation":{"x":0.0,"y":-0.0,"z":0.0},"Scaling":{"x":1.0,"y":1.0,"z":1.0}}}}]}]}]}},{"SYMBOL_name":"rubble","TIMELINE":{"LAYERS":[{"Layer_name":"Layer_2","Frames":[{"index":0,"duration":1,"elements":[{"ATLAS_SPRITE_instance":{"name":"0004","Matrix3D":{"m00":1.0,"m01":0.0,"m02":0.0,"m03":0.0,"m10":0.0,"m11":1.0,"m12":0.0,"m13":0.0,"m20":0.0,"m21":0.0,"m22":1.0,"m23":0.0,"m30":2.0,"m31":0.0,"m32":0.0,"m33":1.0},"DecomposedMatrix":{"Position":{"x":2.0,"y":0.0,"z":0.0},"Rotation":{"x":0.0,"y":-0.0,"z":0.0},"Scaling":{"x":1.0,"y":1.0,"z":1.0}}}}]}]}]}}]},"metadata":{"framerate":24.0}}
