﻿{"ATLAS":{"SPRITES":[{"SPRITE":{"name":"0000","x":603,"y":595,"w":55,"h":87,"rotated":false}},{"SPRITE":{"name":"0001","x":682,"y":0,"w":114,"h":175,"rotated":false}},{"SPRITE":{"name":"0002","x":677,"y":180,"w":104,"h":119,"rotated":false}},{"SPRITE":{"name":"0003","x":529,"y":343,"w":222,"h":247,"rotated":false}},{"SPRITE":{"name":"0004","x":677,"y":304,"w":83,"h":21,"rotated":false}},{"SPRITE":{"name":"0005","x":529,"y":595,"w":69,"h":81,"rotated":false}},{"SPRITE":{"name":"0006","x":538,"y":0,"w":139,"h":155,"rotated":false}},{"SPRITE":{"name":"0007","x":538,"y":160,"w":134,"h":146,"rotated":false}},{"SPRITE":{"name":"0008","x":663,"y":595,"w":76,"h":53,"rotated":false}},{"SPRITE":{"name":"0009","x":0,"y":0,"w":533,"h":338,"rotated":false}},{"SPRITE":{"name":"0010","x":0,"y":343,"w":524,"h":335,"rotated":false}}]},"meta":{"app":"Adobe Animate","version":"23.0.1.70","image":"spritemap1.png","format":"RGBA8888","size":{"w":796,"h":682},"resolution":"1"}}
