{
	"animations": [
		{
			"offsets": [
				3,
				0
			],
			"loop": false,
			"fps": 24,
			"anim": "idle",
			"indices": [],
			"name": "Pico Idle Dance"
		},
		{
			"offsets": [
				21,
				27
			],
			"loop": false,
			"fps": 24,
			"anim": "singUP",
			"indices": [],
			"name": "pico Up note0"
		},
		{
			"offsets": [
				84,
				-80
			],
			"loop": false,
			"fps": 24,
			"anim": "singDOWN",
			"indices": [],
			"name": "Pico Down Note0"
		},
		{
			"loop": false,
			"offsets": [
				-46,
				1
			],
			"anim": "singRIGHT",
			"fps": 24,
			"name": "Pico Note Right0",
			"indices": []
		},
		{
			"loop": false,
			"offsets": [
				87,
				-10
			],
			"anim": "singLEFT",
			"fps": 24,
			"name": "Pico NOTE LEFT0",
			"indices": []
		},
		{
			"offsets": [
				-12,
				-10
			],
			"loop": false,
			"fps": 24,
			"anim": "CanHit",
			"indices": [],
			"name": "Pico Hit Can"
		},
		{
			"offsets": [
				-10,
				-5
			],
			"loop": false,
			"fps": 24,
			"anim": "cock",
			"indices": [],
			"name": "Pico Reload"
		},
		{
			"offsets": [
				287,
				237
			],
			"loop": false,
			"fps": 24,
			"anim": "shoot",
			"indices": [],
			"name": "Pico Shoot Hip Full"
		},
		{
			"loop": false,
			"offsets": [
				21,
				27
			],
			"anim": "singUPmiss",
			"fps": 24,
			"name": "pico Up note0",
			"indices": []
		},
		{
			"loop": false,
			"offsets": [
				84,
				-80
			],
			"anim": "singDOWNmiss",
			"fps": 24,
			"name": "Pico Down Note0",
			"indices": []
		},
		{
			"loop": false,
			"offsets": [
				-46,
				1
			],
			"anim": "singRIGHTmiss",
			"fps": 24,
			"name": "Pico Note Right0",
			"indices": []
		},
		{
			"loop": false,
			"offsets": [
				87,
				-10
			],
			"anim": "singLEFTmiss",
			"fps": 24,
			"name": "Pico NOTE LEFT0",
			"indices": []
		}
	],
	"vocals_file": "pico",
	"no_antialiasing": true,
	"image": "characters/pico_optimizedbynil",
	"position": [
		350,
		330
	],
	"healthicon": "pico",
	"flip_x": true,
	"healthbar_colors": [
		183,
		216,
		85
	],
	"camera_position": [
		450,
		30
	],
	"sing_duration": 4,
	"scale": 1,
	"_editor_isPlayer": true
}