<?xml version='1.0' encoding='utf-8'?>
<TextureAtlas imagePath="Pico_FNF_assetss.png">
<SubTexture name="Pico Down Note0000" x="0" y="2602" width="722" height="382" frameX="-13" frameY="-9" frameWidth="736" frameHeight="392" />
<SubTexture name="Pico Down Note0001" x="0" y="2602" width="722" height="382" frameX="-13" frameY="-9" frameWidth="736" frameHeight="392" />
<SubTexture name="Pico Down Note0002" x="2839" y="1754" width="502" height="392" frameX="0" frameY="0" frameWidth="736" frameHeight="392" />
<SubTexture name="Pico Down Note0003" x="2839" y="1754" width="502" height="392" frameX="0" frameY="0" frameWidth="736" frameHeight="392" />
<SubTexture name="Pico Down Note0004" x="2839" y="1754" width="502" height="392" frameX="0" frameY="0" frameWidth="736" frameHeight="392" />
<SubTexture name="Pico Down Note0005" x="2839" y="1754" width="502" height="392" frameX="0" frameY="0" frameWidth="736" frameHeight="392" />
<SubTexture name="Pico Down Note0006" x="2839" y="1754" width="502" height="392" frameX="0" frameY="0" frameWidth="736" frameHeight="392" />
<SubTexture name="Pico Down Note0007" x="2839" y="1754" width="502" height="392" frameX="0" frameY="0" frameWidth="736" frameHeight="392" />
<SubTexture name="Pico Down Note0008" x="2839" y="1754" width="502" height="392" frameX="0" frameY="0" frameWidth="736" frameHeight="392" />
<SubTexture name="Pico Down Note0009" x="2839" y="1754" width="502" height="392" frameX="0" frameY="0" frameWidth="736" frameHeight="392" />
<SubTexture name="Pico Down Note0010" x="2839" y="1754" width="502" height="392" frameX="0" frameY="0" frameWidth="736" frameHeight="392" />
<SubTexture name="Pico Down Note MISS0000" x="0" y="2602" width="722" height="382" frameX="-10" frameY="-52" frameWidth="736" frameHeight="392" />
<SubTexture name="Pico Idle Dance0000" x="1866" y="471" width="435" height="461" frameX="-18" frameY="-13" frameWidth="453" frameHeight="475" />
<SubTexture name="Pico Idle Dance0001" x="1866" y="471" width="435" height="461" frameX="-18" frameY="-13" frameWidth="453" frameHeight="475" />
<SubTexture name="Pico Idle Dance0002" x="2302" y="469" width="442" height="468" frameX="-11" frameY="-6" frameWidth="453" frameHeight="475" />
<SubTexture name="Pico Idle Dance0003" x="2302" y="469" width="442" height="468" frameX="-11" frameY="-6" frameWidth="453" frameHeight="475" />
<SubTexture name="Pico Idle Dance0004" x="2302" y="937" width="448" height="468" frameX="-1" frameY="-6" frameWidth="453" frameHeight="475" />
<SubTexture name="Pico Idle Dance0005" x="2302" y="1405" width="443" height="468" frameX="-1" frameY="-6" frameWidth="453" frameHeight="475" />
<SubTexture name="Pico Idle Dance0006" x="0" y="1191" width="443" height="474" frameX="-1" frameY="-1" frameWidth="453" frameHeight="475" />
<SubTexture name="Pico Idle Dance0007" x="443" y="1191" width="442" height="474" frameX="-1" frameY="-1" frameWidth="453" frameHeight="475" />
<SubTexture name="Pico Idle Dance0008" x="864" y="696" width="443" height="475" frameX="0" frameY="0" frameWidth="453" frameHeight="475" />
<SubTexture name="Pico Idle Dance0009" x="864" y="696" width="443" height="475" frameX="0" frameY="0" frameWidth="453" frameHeight="475" />
<SubTexture name="Pico Idle Dance0010" x="864" y="696" width="443" height="475" frameX="0" frameY="0" frameWidth="453" frameHeight="475" />
<SubTexture name="Pico Idle Dance0011" x="864" y="696" width="443" height="475" frameX="0" frameY="0" frameWidth="453" frameHeight="475" />
<SubTexture name="Pico Idle Dance0012" x="864" y="696" width="443" height="475" frameX="0" frameY="0" frameWidth="453" frameHeight="475" />
<SubTexture name="Pico Idle Dance0013" x="864" y="696" width="443" height="475" frameX="0" frameY="0" frameWidth="453" frameHeight="475" />
<SubTexture name="Pico NOTE LEFT0000" x="1357" y="2134" width="449" height="462" frameX="-6" frameY="-2" frameWidth="455" frameHeight="464" />
<SubTexture name="Pico NOTE LEFT0001" x="1357" y="2134" width="449" height="462" frameX="-6" frameY="-2" frameWidth="455" frameHeight="464" />
<SubTexture name="Pico NOTE LEFT0002" x="902" y="2134" width="455" height="464" frameX="0" frameY="0" frameWidth="455" frameHeight="464" />
<SubTexture name="Pico NOTE LEFT0003" x="902" y="2134" width="455" height="464" frameX="0" frameY="0" frameWidth="455" frameHeight="464" />
<SubTexture name="Pico NOTE LEFT0004" x="902" y="2134" width="455" height="464" frameX="0" frameY="0" frameWidth="455" frameHeight="464" />
<SubTexture name="Pico NOTE LEFT0005" x="902" y="2134" width="455" height="464" frameX="0" frameY="0" frameWidth="455" frameHeight="464" />
<SubTexture name="Pico NOTE LEFT0006" x="902" y="2134" width="455" height="464" frameX="0" frameY="0" frameWidth="455" frameHeight="464" />
<SubTexture name="Pico NOTE LEFT0007" x="902" y="2134" width="455" height="464" frameX="0" frameY="0" frameWidth="455" frameHeight="464" />
<SubTexture name="Pico NOTE LEFT0008" x="902" y="2134" width="455" height="464" frameX="0" frameY="0" frameWidth="455" frameHeight="464" />
<SubTexture name="Pico NOTE LEFT0009" x="902" y="2134" width="455" height="464" frameX="0" frameY="0" frameWidth="455" frameHeight="464" />
<SubTexture name="Pico NOTE LEFT0010" x="902" y="2134" width="455" height="464" frameX="0" frameY="0" frameWidth="455" frameHeight="464" />
<SubTexture name="Pico NOTE LEFT0011" x="902" y="2134" width="455" height="464" frameX="0" frameY="0" frameWidth="455" frameHeight="464" />
<SubTexture name="Pico NOTE LEFT0012" x="902" y="2134" width="455" height="464" frameX="0" frameY="0" frameWidth="455" frameHeight="464" />
<SubTexture name="Pico NOTE LEFT0013" x="902" y="2134" width="455" height="464" frameX="0" frameY="0" frameWidth="455" frameHeight="464" />
<SubTexture name="Pico NOTE LEFT0014" x="902" y="2134" width="455" height="464" frameX="0" frameY="0" frameWidth="455" frameHeight="464" />
<SubTexture name="Pico NOTE LEFT0015" x="902" y="2134" width="455" height="464" frameX="0" frameY="0" frameWidth="455" frameHeight="464" />
<SubTexture name="Pico NOTE LEFT0016" x="902" y="2134" width="455" height="464" frameX="0" frameY="0" frameWidth="455" frameHeight="464" />
<SubTexture name="Pico NOTE LEFT miss0000" x="1806" y="2134" width="449" height="462" frameX="-6" frameY="-37" frameWidth="461" frameHeight="500" />
<SubTexture name="Pico Note Right0000" x="1408" y="0" width="458" height="475" frameX="-1" frameY="-1" frameWidth="459" frameHeight="476" />
<SubTexture name="Pico Note Right0001" x="1408" y="0" width="458" height="475" frameX="-1" frameY="0" frameWidth="459" frameHeight="476" />
<SubTexture name="Pico Note Right0002" x="885" y="1191" width="442" height="472" frameX="0" frameY="-4" frameWidth="459" frameHeight="476" />
<SubTexture name="Pico Note Right0003" x="885" y="1191" width="442" height="472" frameX="0" frameY="-3" frameWidth="459" frameHeight="476" />
<SubTexture name="Pico Note Right0004" x="885" y="1191" width="442" height="472" frameX="0" frameY="-3" frameWidth="459" frameHeight="476" />
<SubTexture name="Pico Note Right0005" x="885" y="1191" width="442" height="472" frameX="0" frameY="-3" frameWidth="459" frameHeight="476" />
<SubTexture name="Pico Note Right0006" x="885" y="1191" width="442" height="472" frameX="0" frameY="-3" frameWidth="459" frameHeight="476" />
<SubTexture name="Pico Note Right0007" x="885" y="1191" width="442" height="472" frameX="0" frameY="-3" frameWidth="459" frameHeight="476" />
<SubTexture name="Pico Note Right0008" x="885" y="1191" width="442" height="472" frameX="0" frameY="-3" frameWidth="459" frameHeight="476" />
<SubTexture name="Pico Note Right0009" x="885" y="1191" width="442" height="472" frameX="0" frameY="-3" frameWidth="459" frameHeight="476" />
<SubTexture name="Pico Note Right0010" x="885" y="1191" width="442" height="472" frameX="0" frameY="-3" frameWidth="459" frameHeight="476" />
<SubTexture name="Pico Note Right0011" x="885" y="1191" width="442" height="472" frameX="0" frameY="-3" frameWidth="459" frameHeight="476" />
<SubTexture name="Pico Note Right0012" x="885" y="1191" width="442" height="472" frameX="0" frameY="-3" frameWidth="459" frameHeight="476" />
<SubTexture name="Pico Note Right0013" x="885" y="1191" width="442" height="472" frameX="0" frameY="-3" frameWidth="459" frameHeight="476" />
<SubTexture name="Pico Note Right0014" x="885" y="1191" width="442" height="472" frameX="0" frameY="-3" frameWidth="459" frameHeight="476" />
<SubTexture name="Pico Note Right0015" x="885" y="1191" width="442" height="472" frameX="0" frameY="-3" frameWidth="459" frameHeight="476" />
<SubTexture name="Pico Note Right0016" x="885" y="1191" width="442" height="472" frameX="0" frameY="-3" frameWidth="459" frameHeight="476" />
<SubTexture name="Pico Note Right Miss0000" x="1408" y="475" width="458" height="475" frameX="-11" frameY="-47" frameWidth="469" frameHeight="522" />
<SubTexture name="pico Up note0000" x="0" y="696" width="432" height="495" frameX="0" frameY="0" frameWidth="433" frameHeight="495" />
<SubTexture name="pico Up note0001" x="0" y="696" width="432" height="495" frameX="0" frameY="0" frameWidth="433" frameHeight="495" />
<SubTexture name="pico Up note0002" x="432" y="696" width="432" height="490" frameX="-1" frameY="-5" frameWidth="433" frameHeight="495" />
<SubTexture name="pico Up note0003" x="432" y="696" width="432" height="490" frameX="-1" frameY="-5" frameWidth="433" frameHeight="495" />
<SubTexture name="pico Up note0004" x="432" y="696" width="432" height="490" frameX="-1" frameY="-5" frameWidth="433" frameHeight="495" />
<SubTexture name="pico Up note0005" x="432" y="696" width="432" height="490" frameX="-1" frameY="-5" frameWidth="433" frameHeight="495" />
<SubTexture name="pico Up note0006" x="432" y="696" width="432" height="490" frameX="-1" frameY="-5" frameWidth="433" frameHeight="495" />
<SubTexture name="pico Up note0007" x="432" y="696" width="432" height="490" frameX="-1" frameY="-5" frameWidth="433" frameHeight="495" />
<SubTexture name="pico Up note0008" x="432" y="696" width="432" height="490" frameX="-1" frameY="-5" frameWidth="433" frameHeight="495" />
<SubTexture name="pico Up note0009" x="432" y="696" width="432" height="490" frameX="-1" frameY="-5" frameWidth="433" frameHeight="495" />
<SubTexture name="pico Up note0010" x="432" y="696" width="432" height="490" frameX="-1" frameY="-5" frameWidth="433" frameHeight="495" />
<SubTexture name="pico Up note0011" x="432" y="696" width="432" height="490" frameX="-1" frameY="-5" frameWidth="433" frameHeight="495" />
<SubTexture name="pico Up note0012" x="432" y="696" width="432" height="490" frameX="-1" frameY="-5" frameWidth="433" frameHeight="495" />
<SubTexture name="pico Up note0013" x="432" y="696" width="432" height="490" frameX="-1" frameY="-5" frameWidth="433" frameHeight="495" />
<SubTexture name="pico Up note miss0000" x="0" y="696" width="432" height="495" frameX="-8" frameY="-36" frameWidth="451" frameHeight="531" />
<SubTexture name="Pico Hit Can0000" x="2255" y="2134" width="543" height="453" frameX="-5" frameY="-15" frameWidth="548" frameHeight="469" />
<SubTexture name="Pico Hit Can0001" x="2839" y="0" width="543" height="452" frameX="-5" frameY="-16" frameWidth="548" frameHeight="469" />
<SubTexture name="Pico Hit Can0002" x="0" y="1665" width="537" height="469" frameX="0" frameY="0" frameWidth="548" frameHeight="469" />
<SubTexture name="Pico Hit Can0003" x="537" y="1665" width="537" height="469" frameX="0" frameY="0" frameWidth="548" frameHeight="469" />
<SubTexture name="Pico Hit Can0004" x="1074" y="1665" width="537" height="469" frameX="0" frameY="0" frameWidth="548" frameHeight="469" />
<SubTexture name="Pico Hit Can0005" x="1611" y="1665" width="537" height="469" frameX="0" frameY="0" frameWidth="548" frameHeight="469" />
<SubTexture name="Pico Hit Can0006" x="2302" y="0" width="537" height="469" frameX="0" frameY="0" frameWidth="548" frameHeight="469" />
<SubTexture name="Pico Hit Can0007" x="1074" y="1665" width="537" height="469" frameX="0" frameY="0" frameWidth="548" frameHeight="469" />
<SubTexture name="Pico Hit Can0008" x="1611" y="1665" width="537" height="469" frameX="0" frameY="0" frameWidth="548" frameHeight="469" />
<SubTexture name="Pico Hit Can0009" x="2302" y="0" width="537" height="469" frameX="0" frameY="0" frameWidth="548" frameHeight="469" />
<SubTexture name="Pico Hit Can0010" x="1074" y="1665" width="537" height="469" frameX="0" frameY="0" frameWidth="548" frameHeight="469" />
<SubTexture name="Pico Hit Can0011" x="1611" y="1665" width="537" height="469" frameX="0" frameY="0" frameWidth="548" frameHeight="469" />
<SubTexture name="Pico Hit Can0012" x="2302" y="0" width="537" height="469" frameX="0" frameY="0" frameWidth="548" frameHeight="469" />
<SubTexture name="Pico Hit Can0013" x="1074" y="1665" width="537" height="469" frameX="0" frameY="0" frameWidth="548" frameHeight="469" />
<SubTexture name="Pico Hit Can0014" x="1611" y="1665" width="537" height="469" frameX="0" frameY="0" frameWidth="548" frameHeight="469" />
<SubTexture name="Pico Reload0000" x="0" y="2134" width="451" height="468" frameX="0" frameY="-1" frameWidth="451" frameHeight="471" />
<SubTexture name="Pico Reload0001" x="451" y="2134" width="451" height="468" frameX="0" frameY="-1" frameWidth="451" frameHeight="471" />
<SubTexture name="Pico Reload0002" x="1327" y="1191" width="436" height="471" frameX="-4" frameY="0" frameWidth="451" frameHeight="471" />
<SubTexture name="Pico Reload0003" x="1866" y="0" width="436" height="471" frameX="-4" frameY="0" frameWidth="451" frameHeight="471" />
<SubTexture name="Pico Reload0004" x="1866" y="0" width="436" height="471" frameX="-4" frameY="0" frameWidth="451" frameHeight="471" />
<SubTexture name="Pico Reload0005" x="1866" y="0" width="436" height="471" frameX="-4" frameY="0" frameWidth="451" frameHeight="471" />
<SubTexture name="Pico Reload0006" x="1866" y="0" width="436" height="471" frameX="-4" frameY="0" frameWidth="451" frameHeight="471" />
<SubTexture name="Pico Reload0007" x="1866" y="0" width="436" height="471" frameX="-4" frameY="0" frameWidth="451" frameHeight="471" />
<SubTexture name="Pico Reload0008" x="1866" y="0" width="436" height="471" frameX="-4" frameY="0" frameWidth="451" frameHeight="471" />
<SubTexture name="Pico Reload0009" x="1866" y="0" width="436" height="471" frameX="-4" frameY="0" frameWidth="451" frameHeight="471" />
<SubTexture name="Pico Reload0010" x="1866" y="0" width="436" height="471" frameX="-4" frameY="0" frameWidth="451" frameHeight="471" />
<SubTexture name="Pico Reload0011" x="1866" y="0" width="436" height="471" frameX="-4" frameY="0" frameWidth="451" frameHeight="471" />
<SubTexture name="Pico Reload0012" x="1866" y="0" width="436" height="471" frameX="-4" frameY="0" frameWidth="451" frameHeight="471" />
<SubTexture name="Pico Reload0013" x="1866" y="0" width="436" height="471" frameX="-4" frameY="0" frameWidth="451" frameHeight="471" />
<SubTexture name="Pico Reload0014" x="1866" y="0" width="436" height="471" frameX="-4" frameY="0" frameWidth="451" frameHeight="471" />
<SubTexture name="Pico Shoot Hip Full0000" x="766" y="0" width="642" height="602" frameX="-124" frameY="-94" frameWidth="766" frameHeight="696" />
<SubTexture name="Pico Shoot Hip Full0001" x="0" y="0" width="766" height="696" frameX="0" frameY="0" frameWidth="766" frameHeight="696" />
<SubTexture name="Pico Shoot Hip Full0002" x="2839" y="452" width="482" height="434" frameX="-281" frameY="-262" frameWidth="766" frameHeight="696" />
<SubTexture name="Pico Shoot Hip Full0003" x="2839" y="886" width="477" height="434" frameX="-286" frameY="-262" frameWidth="766" frameHeight="696" />
<SubTexture name="Pico Shoot Hip Full0004" x="2839" y="1320" width="473" height="434" frameX="-290" frameY="-262" frameWidth="766" frameHeight="696" />
<SubTexture name="Pico Shoot Hip Full0005" x="2839" y="1320" width="473" height="434" frameX="-290" frameY="-262" frameWidth="766" frameHeight="696" />
<SubTexture name="Pico Shoot Hip Full0006" x="2839" y="1320" width="473" height="434" frameX="-290" frameY="-262" frameWidth="766" frameHeight="696" />
</TextureAtlas>
